player,match_id,date,team,opponent,venue,city,season,runs_conceded,balls_bowled,wickets,innings,economy,overs_bowled,bowling_first,target_wickets,target_runs_conceded,target_economy,next_opponent,next_venue,wickets_last_3,wickets_last_5,wickets_last_10,runs_conceded_last_3,runs_conceded_last_5,runs_conceded_last_10,economy_last_3,economy_last_5,economy_last_10,balls_bowled_last_3,balls_bowled_last_5,balls_bowled_last_10,career_wickets,career_matches,career_avg_wickets,career_runs_conceded,career_balls_bowled,career_economy,career_bowling_avg,venue_wickets_avg,venue_economy_avg,venue_matches_played,venue_familiar,vs_opponent_wickets_avg,vs_opponent_economy_avg,vs_opponent_matches,is_home_match,days_since_last_match,season_matches,form_indicator,performance_trend,wickets_std_last_10,consistency_score,wicket_taking_rate,momentum_score,experience_level
MF Maharoof,419149,2010-04-11,Delhi Daredevils,Kings XI Punjab,Feroz Shah Kotla,Delhi,2009/10,16,12,0,2,8.0,2.0,0,0.0,0.0,0.0,unknown,unknown,1.3333333333333333,1.4,1.7,23.666666666666668,30.6,28.9,7.111111111111111,8.366666666666665,7.808333333333333,20.0,21.6,21.6,33.0,19,1.736842105263158,504.0,408.0,7.411764705882353,15.272727272727272,0.0,0.0,0.0,0,2.0,3.875,2.0,1,4.0,6,-0.1330056759545923,-0.10666666666666673,1.1595018087284057,0.3422429527839622,0.45,1.7386666666666666,rookie
ST Jayasuriya,419150,2010-04-11,Mumbai Indians,Rajasthan Royals,Sawai Mansingh Stadium,Jaipur,2009/10,16,12,0,2,8.0,2.0,0,0.0,0.0,0.0,unknown,unknown,1.0,1.2,0.8,17.333333333333332,16.0,15.2,10.416666666666666,9.35,8.55,14.0,12.0,11.4,16.0,20,0.8,374.0,282.0,7.957446808510639,23.375,0.0,0.0,0.0,0,0.5,9.875,2.0,0,22.0,3,0.17169332645338836,0.24666666666666653,1.2292725943057183,0.0,0.6900000000000001,0.9853333333333334,rookie
A Kumble,419164,2010-04-24,Royal Challengers Bangalore,Deccan Chargers,Dr DY Patil Sports Academy,Mumbai,2009/10,16,21,4,1,4.571428571428571,3.5,1,0.0,0.0,0.0,unknown,unknown,0.6666666666666666,0.8,0.8,32.0,28.0,29.0,8.0,7.0,7.25,24.0,24.0,24.0,45.0,41,1.0975609756097562,1042.0,944.0,6.622881355932204,23.155555555555555,0.0,0.0,0.0,0,2.4,4.685354691075515,5.0,0,3.0,15,-0.23336783213548298,-0.18,0.421637021355784,0.283772233983162,0.22000000000000003,0.86,intermediate
A Symonds,501246,2011-05-07,Mumbai Indians,Delhi Daredevils,Wankhede Stadium,Mumbai,2011,23,12,0,2,11.5,2.0,0,0.0,0.0,0.0,unknown,unknown,0.3333333333333333,0.4,0.5,11.666666666666666,12.2,18.5,7.888888888888888,6.433333333333333,7.45,10.0,13.2,15.6,23.0,29,0.7931034482758621,651.0,515.0,7.584466019417476,28.30434782608696,1.0,11.0,1.0,0,1.25,7.333333333333333,4.0,1,3.0,2,-0.34310013613461887,-0.15999999999999998,0.5270462766947303,0.0,0.18333333333333332,0.45599999999999996,intermediate
JR Hopes,501257,2011-05-15,Delhi Daredevils,Kings XI Punjab,Himachal Pradesh Cricket Association Stadium,Dharamsala,2011,27,18,0,1,9.0,3.0,1,0.0,0.0,0.0,unknown,unknown,0.6666666666666666,0.8,0.9,30.0,28.0,29.4,9.63888888888889,8.283333333333333,8.733333333333333,18.0,20.4,20.4,14.0,19,0.7368421052631579,521.0,342.0,9.140350877192985,37.21428571428572,0.0,8.25,2.0,0,0.0,10.5,2.0,0,3.0,8,0.16746818025455795,-0.006666666666666721,0.5676462121975466,0.356128604337857,0.23999999999999994,0.9306666666666666,rookie
SK Warne,501263,2011-05-20,Rajasthan Royals,Mumbai Indians,Wankhede Stadium,Mumbai,2011,30,24,1,1,7.5,4.0,1,0.0,0.0,0.0,unknown,unknown,0.6666666666666666,0.8,1.1,24.666666666666668,23.6,24.6,6.555555555555556,6.133333333333334,6.266666666666667,22.0,22.8,23.4,59.0,53,1.1132075471698113,1417.0,1170.0,7.266666666666666,24.016949152542374,2.0,5.25,1.0,0,1.3333333333333333,5.791666666666667,6.0,0,9.0,11,0.034180727152980185,-0.07333333333333335,0.8755950357709129,0.1728781895464846,0.29,1.1093333333333333,experienced
DE Bollinger,548332,2012-04-21,Chennai Super Kings,Rajasthan Royals,"MA Chidambaram Stadium, Chepauk",Chennai,2012,31,24,1,1,7.75,4.0,1,0.0,0.0,0.0,unknown,unknown,1.6666666666666667,1.8,1.4,24.0,25.2,28.4,9.0,9.020066889632108,8.693366778149386,16.0,16.8,19.8,42.0,26,1.6153846153846154,662.0,552.0,7.195652173913043,15.761904761904765,2.0,7.5,1.0,0,0.6666666666666666,7.611111111111112,3.0,1,2.0,5,-0.15933120502685721,0.26,1.173787790777267,0.1515520669004709,0.4753734671125976,1.5,intermediate
A Singh,548349,2012-05-01,Rajasthan Royals,Delhi Daredevils,Sawai Mansingh Stadium,Jaipur,2012,12,6,0,2,12.0,1.0,0,0.0,0.0,0.0,unknown,unknown,0.6666666666666666,1.2,1.4,47.0,42.6,35.8,11.75,10.743478260869566,9.496739130434785,24.0,23.8,22.7,31.0,22,1.4090909090909092,608.0,467.0,7.811563169164883,19.61290322580645,1.0,10.0,1.0,0,4.0,4.75,1.0,1,2.0,8,0.10672818409660514,-0.026666666666666637,0.8432740427115679,0.3849702343833723,0.4034782608695652,1.4066666666666667,intermediate
DL Vettori,548350,2012-05-02,Royal Challengers Bangalore,Kings XI Punjab,M Chinnaswamy Stadium,Bangalore,2012,29,24,1,2,7.25,4.0,0,0.0,0.0,0.0,unknown,unknown,0.3333333333333333,0.6,0.8,24.33333333333333,25.4,26.0,6.083333333333333,6.35,6.683333333333335,24.0,24.0,23.4,33.0,33,1.0,850.0,753.0,6.772908366533866,25.75757575757576,0.0,0.0,0.0,0,0.6666666666666666,7.166666666666667,3.0,1,4.0,8,-0.433578049684835,-0.3866666666666667,0.9189365834726816,0.03838948145027152,0.15999999999999998,0.6306666666666667,intermediate
RR Powar,548359,2012-05-08,Kings XI Punjab,Deccan Chargers,"Rajiv Gandhi International Stadium, Uppal",Hyderabad,2012,32,18,0,2,10.666666666666666,3.0,0,0.0,0.0,0.0,unknown,unknown,0.6666666666666666,0.4,0.5,25.33333333333333,22.4,23.4,10.25,10.15,8.575,16.0,14.4,18.0,15.0,26,0.5769230769230769,495.0,408.0,7.279411764705882,33.0,0.0,9.333333333333334,1.0,0,0.0,8.0,1.0,0,90.0,0,0.05672342150603018,0.10666666666666665,0.7071067811865476,0.0,0.18,0.6373333333333333,intermediate
SC Ganguly,548375,2012-05-19,Pune Warriors,Kolkata Knight Riders,Subrata Roy Sahara Stadium,Pune,2012,17,12,0,1,8.5,2.0,1,0.0,0.0,0.0,unknown,unknown,1.0,0.6,0.3,26.0,20.6,18.6,10.583333333333334,11.35,10.691666666666666,16.0,12.0,11.4,12.0,19,0.631578947368421,346.0,264.0,7.863636363636363,28.83333333333333,0.0,12.0,1.0,0,1.3333333333333333,5.361111111111111,3.0,1,18.0,3,-0.2733255933952528,0.22000000000000003,0.948683298050514,0.0,0.09,0.484,rookie
TM Dilshan,598004,2013-04-07,Royal Challengers Bangalore,Sunrisers Hyderabad,"Rajiv Gandhi International Stadium, Uppal",Hyderabad,2013,10,6,0,2,10.0,1.0,0,0.0,0.0,0.0,unknown,unknown,0.0,0.0,0.0,11.333333333333334,15.4,15.5,11.333333333333334,11.1,10.45,6.0,8.4,9.0,5.0,24,0.2083333333333333,356.0,265.0,8.060377358490566,71.2,0.0,9.5,2.0,0,0.0,0.0,0.0,0,90.0,0,-0.2282185206098249,-0.13999999999999999,0.0,0.0,0.0,0.028000000000000004,intermediate
RJ Harris,598014,2013-04-14,Kings XI Punjab,Rajasthan Royals,Sawai Mansingh Stadium,Jaipur,2013,30,24,0,2,7.5,4.0,0,0.0,0.0,0.0,unknown,unknown,1.0,0.8,1.4,20.33333333333333,23.4,25.1,5.083333333333333,5.85,7.033333333333333,24.0,24.0,22.2,47.0,36,1.3055555555555556,1017.0,808.0,7.551980198019802,21.638297872340427,0.0,0.0,0.0,0,1.7142857142857142,8.11038961038961,7.0,0,4.0,2,0.10431255835667601,-0.22666666666666666,1.2649110640673518,0.2214618600451237,0.4,1.4106666666666667,intermediate
DP Nannes,598034,2013-04-28,Chennai Super Kings,Kolkata Knight Riders,"MA Chidambaram Stadium, Chepauk",Chennai,2013,50,24,0,2,12.5,4.0,0,0.0,0.0,0.0,unknown,unknown,1.3333333333333333,1.2,1.0,30.0,21.6,23.2,7.561594202898551,5.43695652173913,6.339969488939741,23.666666666666668,20.2,20.5,38.0,28,1.3571428571428572,735.0,622.0,7.090032154340836,19.34210526315789,2.0,5.773809523809525,3.0,1,1.0,6.875,2.0,1,13.0,4,-0.30452543752543754,0.18666666666666668,0.8164965809277257,0.37358570374632777,0.44514111365369946,1.1733333333333333,intermediate
B Lee,598040,2013-05-01,Kolkata Knight Riders,Delhi Daredevils,Shaheed Veer Narayan Singh International Stadium,Raipur,2013,26,24,1,2,6.5,4.0,0,0.0,0.0,0.0,unknown,unknown,1.0,0.8,0.8,34.0,37.0,31.5,8.5,9.25,7.875,24.0,24.0,24.0,29.0,39,0.7435897435897436,1069.0,851.0,7.537015276145711,36.86206896551724,0.0,0.0,0.0,0,0.3333333333333333,9.194444444444445,3.0,0,23.0,2,-0.009642783326993863,-0.13333333333333336,0.7888106377466153,0.013815347074280022,0.18,0.7093333333333333,intermediate
AB Agarkar,598049,2013-05-07,Delhi Daredevils,Rajasthan Royals,Sawai Mansingh Stadium,Jaipur,2013,22,12,0,2,11.0,2.0,0,0.0,0.0,0.0,unknown,unknown,0.0,0.2,0.7,23.33333333333333,27.0,31.3,7.861111111111111,7.966666666666666,8.918333333333333,16.0,19.2,20.6,33.0,41,0.8048780487804879,1129.0,770.0,8.797402597402598,34.21212121212121,0.0,6.375,2.0,0,1.3333333333333333,9.666666666666666,3.0,0,14.0,3,-0.20726896789156096,-0.54,1.0593499054713802,0.037023091465941536,0.17800000000000002,0.58,intermediate
SW Tait,598049,2013-05-07,Rajasthan Royals,Delhi Daredevils,Sawai Mansingh Stadium,Jaipur,2013,39,18,0,1,13.0,3.0,1,0.0,0.0,0.0,unknown,unknown,0.3333333333333333,0.4,1.1,33.0,31.8,26.8,9.083333333333334,8.60909090909091,7.461124401913875,22.0,22.4,22.1,26.0,20,1.3,601.0,455.0,7.925274725274725,23.115384615384617,0.0,0.0,0.0,0,0.0,0.0,0.0,1,17.0,2,-0.4580796353629172,-0.5933333333333334,1.1972189997378646,0.10044799437979746,0.25052631578947365,0.8733333333333333,rookie
S Sreesanth,598052,2013-05-09,Rajasthan Royals,Kings XI Punjab,"Punjab Cricket Association Stadium, Mohali",Chandigarh,2013,18,12,0,1,9.0,2.0,1,0.0,0.0,0.0,unknown,unknown,1.3333333333333333,1.0,0.9,21.33333333333333,25.4,24.6,7.583333333333333,8.65,7.732971014492753,18.0,18.8,20.1,43.0,43,1.0,1176.0,868.0,8.129032258064516,27.348837209302324,2.0,8.75,1.0,0,1.0,8.430555555555555,6.0,0,10.0,6,0.04012195121951218,0.16666666666666655,0.9944289260117536,0.02478942185182774,0.26999999999999996,1.0253333333333334,intermediate
Harmeet Singh,598056,2013-05-11,Kings XI Punjab,Sunrisers Hyderabad,"Punjab Cricket Association Stadium, Mohali",Chandigarh,2013,39,24,2,1,9.75,4.0,1,0.0,0.0,0.0,unknown,unknown,1.6666666666666667,1.0,1.2,27.33333333333333,30.0,27.3,7.233333333333333,8.106666666666666,8.281666666666666,22.666666666666668,22.0,20.2,29.0,27,1.0740740740740742,692.0,525.0,7.9085714285714275,23.86206896551724,2.5,5.75,2.0,0,0.0,0.0,0.0,0,15.0,3,-0.23889508237334325,-0.3866666666666667,1.1352924243950933,0.05995867331857381,0.22133333333333333,0.8306666666666667,intermediate
RE van der Merwe,598062,2013-05-14,Delhi Daredevils,Chennai Super Kings,"MA Chidambaram Stadium, Chepauk",Chennai,2013,19,18,1,1,6.333333333333334,3.0,1,0.0,0.0,0.0,unknown,unknown,1.0,1.4,1.5,23.0,22.4,23.1,6.222222222222221,6.35,6.296739130434783,22.0,21.6,22.1,24.0,20,1.2,479.0,425.0,6.76235294117647,19.95833333333333,0.0,11.0,1.0,0,0.0,11.0,1.0,0,21.0,2,0.4780288957688338,0.1533333333333333,1.0801234497346437,0.19208012422772147,0.5005797101449275,1.5466666666666664,rookie
BJ Hodge,598065,2013-05-17,Rajasthan Royals,Sunrisers Hyderabad,"Rajiv Gandhi International Stadium, Uppal",Hyderabad,2013,3,6,0,1,3.0,1.0,1,0.0,0.0,0.0,unknown,unknown,0.6666666666666666,1.4,1.1,15.0,16.8,13.9,9.666666666666666,9.05,8.625,10.0,13.2,10.8,18.0,19,0.9473684210526316,300.0,228.0,7.894736842105264,16.666666666666668,0.0,0.0,0.0,0,0.0,0.0,0.0,0,90.0,0,0.4349707602339182,0.6133333333333334,1.523883926754995,0.0,0.52,1.3586666666666667,rookie
SK Trivedi,598072,2013-05-24,Rajasthan Royals,Mumbai Indians,Eden Gardens,Kolkata,2013,23,24,1,2,5.75,4.0,0,0.0,0.0,0.0,unknown,unknown,0.6666666666666666,0.6,0.5,20.0,19.8,23.4,6.833333333333333,6.95,7.7,20.0,19.2,19.2,72.0,74,0.972972972972973,1881.0,1482.0,7.615384615384615,26.125,0.5,7.833333333333334,2.0,0,0.5,6.833333333333333,2.0,0,2.0,16,-0.4207426855757938,0.033333333333333284,0.5270462766947296,0.0,0.14666666666666664,0.5346666666666666,experienced
R Sharma,733975,2014-05-03,Delhi Daredevils,Rajasthan Royals,Feroz Shah Kotla,Delhi,2014,32,18,0,2,10.666666666666666,3.0,0,0.0,0.0,0.0,unknown,unknown,0.3333333333333333,0.6,0.8,35.666666666666664,31.4,27.3,9.833333333333334,8.783333333333333,7.525,22.0,21.6,22.2,42.0,43,0.9767441860465116,1054.0,910.0,6.94945054945055,25.09523809523809,1.0,4.333333333333334,2.0,0,1.0,5.25,1.0,1,16.0,1,-0.2807151375756026,-0.26000000000000006,0.7888106377466153,0.11368482287827794,0.19999999999999993,0.688,intermediate
M Kartik,733987,2014-05-07,Kings XI Punjab,Chennai Super Kings,Barabati Stadium,Cuttack,2014,40,24,1,2,10.0,4.0,0,0.0,0.0,0.0,unknown,unknown,0.6666666666666666,1.2,0.9,29.666666666666668,28.4,28.4,7.416666666666667,7.5,8.191666666666666,24.0,22.8,21.0,38.0,54,0.7037037037037037,1348.0,1125.0,7.189333333333334,35.473684210526315,0.0,7.25,1.0,0,1.0,6.75,1.0,0,17.0,1,0.3439986087000515,0.14666666666666656,0.7378647873726225,0.14825880269331201,0.29666666666666663,1.0293333333333332,experienced
LR Shukla,733993,2014-05-10,Delhi Daredevils,Sunrisers Hyderabad,Feroz Shah Kotla,Delhi,2014,7,2,0,2,21.0,0.3333333333333333,0,0.0,0.0,0.0,unknown,unknown,0.3333333333333333,0.4,0.4,18.33333333333333,18.0,14.9,7.416666666666667,7.95,7.625,14.0,13.2,11.4,17.0,26,0.6538461538461539,440.0,312.0,8.461538461538462,25.88235294117647,3.0,6.25,1.0,0,0.0,10.5,1.0,1,3.0,4,-0.2846875443397182,-0.18666666666666662,0.5163977794943221,0.05573481367045184,0.21000000000000002,0.3906666666666666,intermediate
JH Kallis,733997,2014-05-11,Kolkata Knight Riders,Kings XI Punjab,Barabati Stadium,Cuttack,2014,38,18,0,1,12.666666666666668,3.0,1,0.0,0.0,0.0,unknown,unknown,0.3333333333333333,0.6,0.8,17.333333333333332,22.0,22.6,7.833333333333333,7.6,8.241666666666665,12.0,16.8,16.8,74.0,88,0.8409090909090909,2255.0,1724.0,7.848027842227379,30.47297297297297,1.6666666666666667,8.944444444444445,3.0,1,3.0,3.25,1.0,0,4.0,7,-0.2089586293072306,-0.32,0.788810637746615,0.08704535896073905,0.2,0.6759999999999999,experienced
DJ Hussey,734013,2014-05-18,Chennai Super Kings,Royal Challengers Bangalore,JSCA International Stadium Complex,Ranchi,2014,38,17,2,2,13.411764705882351,2.833333333333333,0,0.0,0.0,0.0,unknown,unknown,0.0,0.0,0.3,25.666666666666668,22.8,15.4,9.083333333333334,9.783333333333331,8.441666666666666,20.0,16.8,12.0,8.0,25,0.32,436.0,300.0,8.72,54.5,0.0,12.0,1.0,0,0.0,7.25,2.0,0,90.0,0,-0.06914963297571997,-0.22666666666666666,0.6749485577105528,0.0,0.27999999999999997,0.22266666666666665,intermediate
Y Venugopal Rao,734021,2014-05-20,Sunrisers Hyderabad,Royal Challengers Bangalore,"Rajiv Gandhi International Stadium, Uppal",Hyderabad,2014,7,6,0,1,7.0,1.0,1,0.0,0.0,0.0,unknown,unknown,0.0,0.0,0.3,11.666666666666666,12.2,12.5,11.666666666666666,12.2,9.95,6.0,6.0,7.8,7.0,19,0.3684210526315789,330.0,210.0,9.428571428571429,47.142857142857146,0.0,0.0,0.0,0,0.0,15.5,2.0,1,25.0,1,-0.21464826281389748,-0.31333333333333335,0.6749485577105528,0.0,0.1,0.16933333333333334,rookie
M Muralitharan,734027,2014-05-22,Royal Challengers Bangalore,Kolkata Knight Riders,Eden Gardens,Kolkata,2014,19,12,0,1,9.5,2.0,1,0.0,0.0,0.0,unknown,unknown,1.3333333333333333,1.0,0.7,26.666666666666668,29.8,28.2,6.666666666666667,8.7,7.9416666666666655,24.0,21.6,22.2,67.0,65,1.0307692307692309,1687.0,1516.0,6.676781002638522,25.17910447761194,0.5,7.375,2.0,0,1.0,5.125,2.0,0,2.0,4,-0.3485362360038457,0.1,0.6749485577105523,0.09122618864633392,0.16999999999999998,0.744,experienced
KK Cooper,734041,2014-05-25,Rajasthan Royals,Mumbai Indians,Wankhede Stadium,Mumbai,2014,38,24,2,2,9.5,4.0,0,0.0,0.0,0.0,unknown,unknown,0.3333333333333333,0.8,1.3,23.666666666666668,25.8,28.6,7.1944444444444455,7.216666666666667,7.533333333333334,20.0,21.6,22.8,34.0,24,1.4166666666666667,719.0,552.0,7.815217391304348,21.147058823529413,1.5,8.75,2.0,0,1.5,10.125,2.0,0,2.0,4,-0.36236213062300016,-0.4666666666666666,1.0593499054713802,0.30967221111402254,0.3,1.0946666666666665,intermediate
L Balaji,734049,2014-06-01,Kings XI Punjab,Kolkata Knight Riders,M Chinnaswamy Stadium,Bangalore,2014,41,24,0,2,10.25,4.0,0,0.0,0.0,0.0,unknown,unknown,1.3333333333333333,1.2,1.5,39.333333333333336,31.2,32.1,11.027777777777777,8.866666666666665,8.558333333333334,22.0,21.6,22.8,85.0,73,1.1643835616438356,1987.0,1488.0,8.012096774193548,23.376470588235293,0.4,4.866666666666666,5.0,1,0.0,7.5,1.0,0,9.0,8,0.3594914094453558,-0.07333333333333333,1.080123449734643,0.21185335548032755,0.41,1.4973333333333334,experienced
P Awana,734049,2014-06-01,Kings XI Punjab,Kolkata Knight Riders,M Chinnaswamy Stadium,Bangalore,2014,43,21,0,2,12.285714285714285,3.5,0,0.0,0.0,0.0,unknown,unknown,1.6666666666666667,1.6,1.5,35.666666666666664,33.4,33.3,9.333333333333334,9.6,9.241666666666667,22.0,20.4,21.6,43.0,32,1.34375,986.0,726.0,8.148760330578513,22.930232558139537,1.0,4.875,2.0,0,0.0,0.0,0.0,0,2.0,6,0.11371252449811961,0.14666666666666664,0.7071067811865478,0.3725910282816245,0.4333333333333333,1.4293333333333333,intermediate
PP Ojha,829705,2015-04-08,Mumbai Indians,Kolkata Knight Riders,Eden Gardens,Kolkata,2015,23,12,0,2,11.5,2.0,0,0.0,0.0,0.0,unknown,unknown,0.3333333333333333,0.6,0.5,32.666666666666664,31.2,30.7,9.11111111111111,8.366666666666665,8.316666666666666,22.0,22.8,22.8,99.0,89,1.1123595505617978,2309.0,1887.0,7.341812400635931,23.32323232323232,1.2142857142857142,7.759353741496598,14.0,1,0.0,9.36111111111111,3.0,0,90.0,0,-0.568981751199775,0.07333333333333332,0.7071067811865475,0.0,0.1433333333333333,0.5266666666666666,experienced
J Botha,829791,2015-05-09,Kolkata Knight Riders,Kings XI Punjab,Eden Gardens,Kolkata,2015,9,6,0,1,9.0,1.0,1,0.0,0.0,0.0,unknown,unknown,0.3333333333333333,0.6,0.7,24.0,21.2,21.1,9.5,8.733333333333333,8.558333333333334,18.0,16.8,17.8,27.0,33,0.8181818181818182,791.0,688.0,6.898255813953488,29.296296296296298,0.0,6.0,1.0,0,1.0,4.611111111111112,3.0,1,2.0,3,-0.052771977281154125,-0.14666666666666672,0.6749485577105528,0.1478577559364956,0.24424242424242423,0.7826666666666666,intermediate
Azhar Mahmood,829811,2015-05-16,Kolkata Knight Riders,Rajasthan Royals,Brabourne Stadium,Mumbai,2015,41,18,1,1,13.666666666666666,3.0,1,0.0,0.0,0.0,unknown,unknown,1.3333333333333333,1.4,1.3,29.33333333333333,31.0,31.1,7.333333333333333,7.75,7.814130434782608,24.0,24.0,23.9,30.0,22,1.3636363636363635,659.0,519.0,7.61849710982659,21.966666666666665,0.0,9.75,1.0,0,0.0,0.0,0.0,0,90.0,0,0.21803296119085594,-0.033333333333333395,1.2516655570345725,0.14025197406311246,0.401304347826087,1.5133333333333334,intermediate
IC Pandey,829809,2015-05-16,Chennai Super Kings,Kings XI Punjab,"Punjab Cricket Association Stadium, Mohali",Chandigarh,2015,22,18,1,1,7.333333333333334,3.0,1,0.0,0.0,0.0,unknown,unknown,1.6666666666666667,1.4,1.1,24.33333333333333,22.2,23.6,7.583333333333333,7.3,7.475,20.0,19.2,19.2,18.0,23,0.782608695652174,569.0,444.0,7.689189189189189,31.61111111111111,1.0,8.625,2.0,0,0.0,7.333333333333334,1.0,0,4.0,9,0.2683745926080022,0.22666666666666663,0.5676462121975467,0.3892125159958107,0.32666666666666666,0.9893333333333333,intermediate
A Ashish Reddy,980915,2016-04-16,Sunrisers Hyderabad,Kolkata Knight Riders,"Rajiv Gandhi International Stadium, Uppal",Hyderabad,2016,14,12,1,2,7.0,2.0,0,0.0,0.0,0.0,unknown,unknown,1.0,0.8,0.7,19.666666666666668,15.0,14.5,10.212121212121213,9.327272727272728,10.613636363636363,11.666666666666666,9.4,8.7,18.0,19,0.9473684210526316,382.0,250.0,9.168,21.22222222222222,0.0,0.0,0.0,0,1.2,9.05,5.0,1,4.0,1,-0.3252089783281733,-0.08666666666666667,0.6749485577105531,0.01859574662342926,0.44000000000000006,0.7226666666666667,rookie
JA Morkel,980949,2016-04-29,Rising Pune Supergiants,Gujarat Lions,Maharashtra Cricket Association Stadium,Pune,2016,30,12,0,2,15.0,2.0,0,0.0,0.0,0.0,unknown,unknown,1.6666666666666667,1.2,0.9,30.666666666666668,29.0,25.3,10.222222222222223,9.666666666666668,9.35,18.0,18.0,16.8,96.0,86,1.1162790697674418,2329.0,1711.0,8.167153711279953,24.260416666666668,0.75,9.041666666666668,4.0,1,0.0,0.0,0.0,0,5.0,1,-0.4975353135876059,-0.08666666666666667,0.9944289260117536,0.06763941855485169,0.19666666666666663,0.7106666666666666,experienced
GB Hogg,980975,2016-05-08,Kolkata Knight Riders,Gujarat Lions,Eden Gardens,Kolkata,2016,19,12,1,2,9.5,2.0,0,0.0,0.0,0.0,unknown,unknown,0.3333333333333333,0.8,1.4,34.666666666666664,30.6,26.7,11.0,9.05,8.175,20.0,21.6,21.0,24.0,20,1.2,551.0,446.0,7.412556053811659,22.95833333333333,0.0,0.0,0.0,0,0.0,0.0,0.0,1,4.0,4,-0.03988648090815272,-0.33333333333333337,1.3498971154211057,0.04837454619836536,0.34333333333333327,1.1853333333333333,rookie
RP Singh,980979,2016-05-10,Rising Pune Supergiants,Sunrisers Hyderabad,Dr. Y.S. Rajasekhara Reddy ACA-VDCA Cricket Stadium,Visakhapatnam,2016,23,18,1,1,7.666666666666666,3.0,1,0.0,0.0,0.0,unknown,unknown,0.6666666666666666,0.4,0.9,29.33333333333333,29.0,28.0,9.916666666666666,12.283333333333337,9.516666666666666,18.0,15.6,19.8,99.0,81,1.2222222222222223,2315.0,1757.0,7.905520774046671,23.383838383838384,1.125,7.25,8.0,1,3.0,6.75,1.0,0,3.0,3,-0.67821171093323,-0.5333333333333334,0.8755950357709131,0.00542332538424152,0.14999999999999997,0.6013333333333334,experienced
V Kohli,980987,2016-05-14,Royal Challengers Bangalore,Gujarat Lions,M Chinnaswamy Stadium,Bangalore,2016,13,6,0,2,13.0,1.0,0,0.0,0.0,0.0,unknown,unknown,0.3333333333333333,0.2,0.2,15.333333333333334,15.6,13.7,9.6,10.26,9.896666666666668,7.666666666666667,8.2,8.3,5.0,25,0.2,355.0,245.0,8.693877551020408,71.0,0.0,0.0,0.0,0,0.0,6.833333333333333,2.0,1,90.0,0,0.04909185017880666,0.10666666666666665,0.421637021355784,0.0,0.256,0.2373333333333333,intermediate
PV Tambe,980987,2016-05-14,Gujarat Lions,Royal Challengers Bangalore,M Chinnaswamy Stadium,Bangalore,2016,25,12,0,1,12.5,2.0,1,0.0,0.0,0.0,unknown,unknown,0.3333333333333333,0.6,0.6,18.666666666666668,17.0,24.9,10.833333333333334,9.4,9.325,12.0,12.0,16.8,28.0,32,0.875,828.0,648.0,7.666666666666666,29.571428571428573,0.5,11.0,2.0,0,0.8,6.183333333333334,5.0,0,6.0,6,-0.0013758673658562648,0.06666666666666662,0.8432740427115678,0.04492134976204242,0.33999999999999997,0.8693333333333332,intermediate
NLTC Perera,981005,2016-05-21,Rising Pune Supergiants,Kings XI Punjab,Dr. Y.S. Rajasekhara Reddy ACA-VDCA Cricket Stadium,Visakhapatnam,2016,24,12,1,1,12.0,2.0,1,0.0,0.0,0.0,unknown,unknown,0.0,0.0,0.9,31.0,27.4,30.2,11.77777777777778,10.616666666666667,9.908333333333331,16.0,15.6,18.7,36.0,35,1.0285714285714285,992.0,686.0,8.676384839650146,27.55555555555556,0.0,11.083333333333334,2.0,0,1.0,8.0,1.0,0,4.0,10,-0.21291887429458586,-0.5133333333333334,1.286683937707919,0.0,0.2257142857142857,0.6933333333333332,intermediate
M Morkel,981015,2016-05-25,Kolkata Knight Riders,Sunrisers Hyderabad,Feroz Shah Kotla,Delhi,2016,31,24,2,1,7.75,4.0,1,0.0,0.0,0.0,unknown,unknown,0.3333333333333333,0.4,0.8,27.0,29.2,30.4,9.492063492063492,8.945238095238095,8.672619047619047,17.0,19.8,21.3,86.0,69,1.2463768115942029,2058.0,1605.0,7.6934579439252335,23.930232558139537,1.3333333333333333,9.5,3.0,1,1.4,8.2,5.0,0,6.0,9,-0.4721209247166418,-0.5266666666666666,0.9189365834726814,0.12870538566380021,0.20142857142857143,0.7186666666666667,experienced
MS Gony,1082593,2017-04-07,Gujarat Lions,Kolkata Knight Riders,Saurashtra Cricket Association Stadium,Rajkot,2017,32,12,0,2,16.0,2.0,0,0.0,0.0,0.0,unknown,unknown,0.6666666666666666,0.6,0.8,36.66666666666666,36.4,32.0,11.0,11.65,9.275,20.0,19.2,21.6,39.0,43,0.9069767441860463,1255.0,876.0,8.595890410958905,32.17948717948718,1.5,6.916666666666667,2.0,0,0.0,0.0,0.0,1,90.0,0,-0.012097126734109159,-0.01333333333333342,0.7888106377466153,0.1469175295654603,0.22999999999999998,0.8853333333333333,intermediate
Iqbal Abdulla,1082598,2017-04-10,Royal Challengers Bangalore,Kings XI Punjab,Holkar Cricket Stadium,Indore,2017,19,12,0,2,9.5,2.0,0,0.0,0.0,0.0,unknown,unknown,1.3333333333333333,1.2,0.9,28.0,24.0,28.3,10.5,8.8,9.158333333333331,16.0,16.8,18.6,45.0,48,0.9375,1090.0,908.0,7.202643171806167,24.22222222222222,0.6666666666666666,6.972222222222221,3.0,1,3.0,7.565217391304348,1.0,0,2.0,1,-0.0860211037292443,0.05333333333333323,1.1972189997378648,0.0,0.2166666666666667,0.8946666666666667,intermediate
R Bhatia,1082599,2017-04-11,Rising Pune Supergiant,Delhi Daredevils,Maharashtra Cricket Association Stadium,Pune,2017,21,12,0,1,10.5,2.0,1,0.0,0.0,0.0,unknown,unknown,0.6666666666666666,0.8,0.7,20.0,25.4,23.8,7.777777777777778,8.016666666666666,7.55,16.0,19.2,19.2,82.0,90,0.9111111111111112,1999.0,1624.0,7.385467980295567,24.37804878048781,0.5,10.0,2.0,0,1.75,6.875,4.0,1,3.0,2,-0.1582646245666708,0.09333333333333332,0.9486832980505135,0.0,0.2133333333333333,0.7226666666666667,experienced
AB Dinda,1082599,2017-04-11,Rising Pune Supergiant,Delhi Daredevils,Maharashtra Cricket Association Stadium,Pune,2017,36,18,0,1,12.0,3.0,1,0.0,0.0,0.0,unknown,unknown,1.0,1.2,1.1,33.0,26.4,29.1,9.416666666666666,9.25,8.967857142857142,20.0,18.0,20.1,82.0,74,1.108108108108108,2037.0,1498.0,8.158878504672899,24.841463414634145,2.0,10.125,2.0,0,1.8,8.1,5.0,1,3.0,2,-0.26543972047348474,-0.19999999999999998,1.1005049346146123,0.0,0.22666666666666663,0.9919999999999998,experienced
SB Jakati,1082603,2017-04-14,Gujarat Lions,Rising Pune Supergiant,Saurashtra Cricket Association Stadium,Rajkot,2017,22,12,0,1,11.0,2.0,1,0.0,0.0,0.0,unknown,unknown,0.0,0.2,0.4,35.0,31.0,32.7,11.666666666666664,9.966666666666669,9.484848484848484,18.0,19.2,20.8,50.0,56,0.8928571428571429,1429.0,1073.0,7.990680335507921,28.58,0.5,9.125,2.0,0,1.0,8.385416666666666,8.0,1,7.0,1,-0.6027155793193529,-0.32666666666666666,0.6992058987801013,0.0,0.09333333333333328,0.3946666666666666,experienced
AD Mathews,1082611,2017-04-19,Delhi Daredevils,Sunrisers Hyderabad,"Rajiv Gandhi International Stadium, Uppal",Hyderabad,2017,41,18,0,1,13.666666666666666,3.0,1,0.0,0.0,0.0,unknown,unknown,0.3333333333333333,0.4,0.6,20.33333333333333,21.4,21.9,7.416666666666665,7.066666666666667,7.4,16.0,18.0,16.8,28.0,43,0.6511627906976745,1038.0,773.0,8.05692108667529,37.07142857142857,0.0,7.25,1.0,0,0.3333333333333333,8.25,3.0,0,2.0,1,-0.10848459065986008,-0.30666666666666664,0.699205898780101,0.0300339383070167,0.19999999999999996,0.6026666666666667,intermediate
IK Pathan,1082625,2017-04-29,Gujarat Lions,Mumbai Indians,Saurashtra Cricket Association Stadium,Rajkot,2017,26,12,2,2,13.0,2.0,0,0.0,0.0,0.0,unknown,unknown,0.0,0.2,0.3,20.33333333333333,24.6,20.3,7.305555555555554,8.516666666666666,7.911363636363636,16.0,16.8,14.9,97.0,102,0.9509803921568628,2623.0,2031.0,7.748892171344165,27.04123711340206,1.0,6.0,4.0,1,1.0,5.699999999999999,1.0,1,90.0,0,-0.77019406598523,-0.31999999999999995,0.6749485577105528,0.0,0.0666666666666666,0.26399999999999996,veteran
A Nehra,1082634,2017-05-06,Sunrisers Hyderabad,Rising Pune Supergiant,"Rajiv Gandhi International Stadium, Uppal",Hyderabad,2017,5,7,1,1,4.285714285714286,1.1666666666666667,1,0.0,0.0,0.0,unknown,unknown,1.6666666666666667,1.8,1.8,41.0,38.4,31.7,10.25,9.6,8.601960784313727,24.0,24.0,22.1,120.0,87,1.3793103448275863,2490.0,1901.0,7.859021567596002,20.75,1.25,9.21875,8.0,1,0.5,7.375,2.0,1,8.0,5,0.3130050508720507,-0.18000000000000002,1.5491933384829668,0.05148108048068543,0.43999999999999995,1.5200000000000002,experienced
S Aravind,1082636,2017-05-07,Royal Challengers Bangalore,Kolkata Knight Riders,M Chinnaswamy Stadium,Bangalore,2017,26,6,0,2,26.0,1.0,0,0.0,0.0,0.0,unknown,unknown,0.3333333333333333,0.4,0.7,21.33333333333333,22.0,27.9,8.166666666666666,7.70952380952381,8.379761904761905,16.0,17.4,20.1,48.0,37,1.2972972972972974,1013.0,754.0,8.061007957559681,21.104166666666668,1.5,8.958333333333332,2.0,0,2.0,7.5,1.0,1,2.0,9,-0.710461072225778,-0.2666666666666667,0.823272602348565,0.04622422797134806,0.1771428571428571,0.6186666666666667,intermediate
DR Smith,1082640,2017-05-10,Gujarat Lions,Delhi Daredevils,Green Park,Kanpur,2017,17,6,0,2,17.0,1.0,0,0.0,0.0,0.0,unknown,unknown,0.3333333333333333,0.2,0.3,18.33333333333333,17.2,17.4,12.555555555555555,12.333333333333332,13.016666666666666,10.0,9.6,9.0,27.0,45,0.6,793.0,533.0,8.926829268292682,29.37037037037037,1.0,9.125,4.0,1,0.5,10.25,2.0,0,6.0,8,-0.3389474601783166,-0.4133333333333333,0.4830458915396481,0.0,0.2,0.35333333333333333,intermediate
JP Faulkner,1082643,2017-05-13,Gujarat Lions,Sunrisers Hyderabad,Green Park,Kanpur,2017,24,12,0,2,12.0,2.0,0,0.0,0.0,0.0,unknown,unknown,1.0,1.6,1.1,39.0,38.4,29.5,11.5,10.87971602434077,9.839858012170383,21.0,21.8,18.1,76.0,59,1.2881355932203389,1775.0,1226.0,8.68678629690049,23.355263157894736,2.0,11.363636363636363,2.0,0,2.142857142857143,7.035714285714286,7.0,0,3.0,7,0.23197592501523726,0.5533333333333335,1.449137674618944,0.0,0.38865449628127113,1.4186666666666667,experienced
P Kumar,1082643,2017-05-13,Gujarat Lions,Sunrisers Hyderabad,Green Park,Kanpur,2017,22,24,2,2,5.5,4.0,0,0.0,0.0,0.0,unknown,unknown,1.0,0.8,0.8,33.333333333333336,25.8,27.4,11.583333333333334,9.85,9.17,17.0,15.0,17.5,100.0,118,0.847457627118644,3229.0,2500.0,7.749600000000001,32.29,1.1428571428571428,7.726190476190476,7.0,1,0.5,8.683333333333334,6.0,0,22.0,5,-0.28480451670136925,-0.26000000000000006,0.7888106377466153,0.013643991331829242,0.20199999999999996,0.64,veteran
MM Patel,1082643,2017-05-13,Gujarat Lions,Sunrisers Hyderabad,Green Park,Kanpur,2017,22,18,0,2,7.333333333333334,3.0,0,0.0,0.0,0.0,unknown,unknown,0.3333333333333333,0.8,0.9,34.333333333333336,34.4,34.5,9.472222222222223,9.133333333333333,8.891666666666666,22.0,22.8,23.4,82.0,62,1.3225806451612905,1676.0,1337.0,7.521316379955124,20.4390243902439,1.4375,6.811350108225108,16.0,1,0.0,0.0,0.0,0,27.0,1,-0.3436316879518813,0.09333333333333327,0.9944289260117528,0.0,0.25,0.9346666666666665,experienced
Z Khan,1082646,2017-05-14,Delhi Daredevils,Royal Challengers Bangalore,Feroz Shah Kotla,Delhi,2017,31,24,2,1,7.75,4.0,1,0.0,0.0,0.0,unknown,unknown,0.6666666666666666,0.4,1.0,28.0,25.6,28.2,7.0,7.371428571428571,7.702380952380952,24.0,20.6,21.7,117.0,98,1.1938775510204085,2751.0,2176.0,7.58547794117647,23.512820512820515,1.6,6.4,5.0,1,1.0,7.083333333333333,3.0,1,2.0,10,-0.7622583598209951,-0.6733333333333333,1.3333333333333333,0.0,0.12,0.4533333333333333,experienced
Bipul Sharma,1082648,2017-05-17,Sunrisers Hyderabad,Kolkata Knight Riders,M Chinnaswamy Stadium,Bangalore,2017,2,2,0,2,6.0,0.3333333333333333,0,0.0,0.0,0.0,unknown,unknown,0.6666666666666666,0.4,0.6,26.33333333333333,24.6,19.8,9.083333333333334,8.65,8.775,18.0,18.0,14.4,22.0,27,0.8148148148148148,570.0,424.0,8.066037735849056,25.90909090909091,0.0,0.0,0.0,0,1.3333333333333333,9.11111111111111,3.0,0,11.0,6,-0.233081134646352,-0.2733333333333333,0.699205898780101,0.0466555793176429,0.31333333333333335,0.5613333333333334,intermediate
R Vinay Kumar,1136565,2018-04-10,Kolkata Knight Riders,Chennai Super Kings,MA Chidambaram Stadium,Chennai,2018,35,11,0,2,19.09090909090909,1.8333333333333333,0,0.0,0.0,0.0,unknown,unknown,2.0,1.6,1.3,26.0,25.0,27.7,10.333333333333334,9.25,9.091666666666669,16.0,16.8,18.6,127.0,103,1.233009708737864,2951.0,2116.0,8.367674858223062,23.236220472440944,1.0,9.590909090909092,11.0,1,1.0,8.975,4.0,0,2.0,1,0.022331622197056956,0.4266666666666666,0.8232726023485651,0.19034228734112152,0.3833333333333333,1.3133333333333332,veteran
Yuvraj Singh,1136578,2018-04-21,Kings XI Punjab,Kolkata Knight Riders,Eden Gardens,Kolkata,2018,13,6,0,1,13.0,1.0,1,0.0,0.0,0.0,unknown,unknown,0.6666666666666666,0.4,0.3,10.666666666666666,10.0,12.1,10.666666666666666,10.0,9.05952380952381,6.0,6.0,8.5,39.0,73,0.5342465753424658,1064.0,863.0,7.397450753186558,27.28205128205128,0.75,6.625,4.0,1,0.5,5.0,2.0,0,6.0,1,-0.29800246585728385,0.17999999999999994,0.6749485577105528,0.0,0.24000000000000005,0.316,experienced
CJ Anderson,1136584,2018-04-25,Royal Challengers Bangalore,Chennai Super Kings,M.Chinnaswamy Stadium,Bengaluru,2018,58,22,1,2,15.818181818181817,3.6666666666666665,0,0.0,0.0,0.0,unknown,unknown,1.3333333333333333,0.8,0.8,31.666666666666668,23.6,24.3,10.416666666666666,8.95,9.844607843137254,18.0,14.4,14.3,13.0,21,0.6190476190476191,460.0,275.0,10.036363636363635,35.38461538461539,0.3333333333333333,8.833333333333334,3.0,1,2.0,18.0,1.0,0,4.0,2,0.13557128114403655,0.06666666666666664,0.9189365834726814,0.0,0.26156862745098036,0.6573333333333333,intermediate
JP Duminy,1136594,2018-05-04,Mumbai Indians,Kings XI Punjab,Holkar Cricket Stadium,Indore,2018,8,6,0,1,8.0,1.0,1,0.0,0.0,0.0,unknown,unknown,0.3333333333333333,0.2,0.3,18.666666666666668,15.8,13.7,10.833333333333334,9.7,8.725,10.0,9.6,10.2,23.0,48,0.4791666666666667,826.0,672.0,7.375,35.91304347826087,1.0,4.75,2.0,0,1.0,8.166666666666666,4.0,0,3.0,1,-0.20713562544968642,-0.17333333333333334,0.4830458915396478,0.0,0.25,0.3053333333333333,intermediate
MG Johnson,1136597,2018-05-06,Kolkata Knight Riders,Mumbai Indians,Wankhede Stadium,Mumbai,2018,25,18,0,1,8.333333333333332,3.0,1,0.0,0.0,0.0,unknown,unknown,0.0,0.4,1.1,43.66666666666666,38.2,33.2,11.972222222222223,10.683333333333334,8.866666666666667,22.0,21.6,22.8,66.0,53,1.2452830188679245,1683.0,1217.0,8.297452752670502,25.5,1.5384615384615383,7.961538461538462,13.0,1,1.2,8.1,5.0,0,3.0,5,0.06896759051951698,-0.1733333333333333,1.1972189997378646,0.08961748396447262,0.35333333333333333,1.1893333333333334,experienced
Ankit Sharma,1136603,2018-05-11,Rajasthan Royals,Chennai Super Kings,Sawai Mansingh Stadium,Jaipur,2018,11,6,0,1,11.0,1.0,1,0.0,0.0,0.0,unknown,unknown,0.0,0.2,0.8,24.33333333333333,25.6,25.7,10.805555555555555,9.7,8.291666666666666,16.0,18.0,20.4,12.0,20,0.6,439.0,361.0,7.296398891966758,36.583333333333336,0.0,0.0,0.0,0,0.0,8.916666666666668,2.0,1,90.0,0,-0.058325593395252805,-0.4,0.7888106377466155,0.0139867028167306,0.15666666666666665,0.5399999999999999,rookie
SR Watson,1136606,2018-05-13,Chennai Super Kings,Sunrisers Hyderabad,Maharashtra Cricket Association Stadium,Pune,2018,15,12,0,1,7.5,2.0,1,0.0,0.0,0.0,unknown,unknown,0.0,0.0,0.7,18.33333333333333,23.4,23.6,10.666666666666666,10.55,9.308333333333334,10.0,13.2,15.6,107.0,104,1.0288461538461535,2667.0,2017.0,7.933564700049579,24.92523364485981,1.2857142857142858,8.76966873706004,7.0,1,1.3,9.7,10.0,0,2.0,10,-0.7292213307479323,-0.8133333333333332,1.0593499054713802,0.02287638336717468,0.10999999999999996,0.30533333333333335,veteran
Anureet Singh,1136609,2018-05-15,Rajasthan Royals,Kolkata Knight Riders,Eden Gardens,Kolkata,2018,10,6,0,2,10.0,1.0,0,0.0,0.0,0.0,unknown,unknown,0.6666666666666666,0.6,0.8,19.33333333333333,20.2,27.0,11.666666666666666,9.866666666666664,10.05302642796249,10.0,13.2,16.6,21.0,21,1.0,613.0,406.0,9.05911330049261,29.19047619047619,0.0,0.0,0.0,0,0.6666666666666666,8.444444444444445,3.0,0,7.0,2,-0.38287581699346407,-0.24666666666666667,1.0327955589886446,0.0,0.28463768115942023,0.6146666666666667,intermediate
SK Raina,1175356,2019-03-23,Chennai Super Kings,Royal Challengers Bangalore,MA Chidambaram Stadium,Chennai,2019,6,6,0,1,6.0,1.0,1,0.0,0.0,0.0,unknown,unknown,0.0,0.2,0.1,19.33333333333333,15.6,18.4,8.333333333333334,7.9,8.4,14.0,12.0,13.2,30.0,68,0.4411764705882353,1112.0,902.0,7.39689578713969,37.06666666666667,0.0,11.0,1.0,0,0.8,7.05,5.0,1,90.0,0,-0.2916293161404004,-1.6653345369377347e-17,0.316227766016838,0.0,0.08,0.18799999999999997,experienced
YK Pathan,1178394,2019-04-06,Sunrisers Hyderabad,Mumbai Indians,Rajiv Gandhi International Stadium,Hyderabad,2019,8,6,0,1,8.0,1.0,1,0.0,0.0,0.0,unknown,unknown,0.3333333333333333,0.4,0.3,12.666666666666666,11.0,10.7,10.333333333333334,9.6,8.866666666666667,8.0,7.2,7.8,46.0,81,0.5679012345679012,1407.0,1141.0,7.398773006134969,30.58695652173913,0.0,0.0,0.0,0,0.1428571428571428,9.13095238095238,7.0,1,90.0,0,-0.3296746272168213,0.026666666666666644,0.4830458915396486,0.0,0.22000000000000003,0.2533333333333333,experienced
P Negi,1178414,2019-04-21,Royal Challengers Bangalore,Chennai Super Kings,M.Chinnaswamy Stadium,Bengaluru,2019,7,6,0,2,7.0,1.0,0,0.0,0.0,0.0,unknown,unknown,1.0,0.8,1.4,31.666666666666668,28.8,23.1,9.12719298245614,10.476315789473684,7.976315789473683,20.33333333333333,17.0,18.2,38.0,41,0.926829268292683,932.0,710.0,7.876056338028169,24.526315789473685,1.5,7.875,2.0,0,1.0,9.5,1.0,0,6.0,3,0.46689624649830036,-0.23333333333333334,1.07496769977314,0.33694158653876227,0.5282456140350877,1.3533333333333335,intermediate
BB Sran,1178426,2019-05-02,Mumbai Indians,Sunrisers Hyderabad,Wankhede Stadium,Mumbai,2019,24,12,0,2,12.0,2.0,0,0.0,0.0,0.0,unknown,unknown,0.3333333333333333,0.8,0.7,34.0,39.4,35.4,12.833333333333334,12.45,11.45,16.0,19.2,19.2,20.0,23,0.8695652173913043,733.0,471.0,9.337579617834397,36.65,0.0,0.0,0.0,0,0.5,7.25,2.0,1,4.0,1,0.04384270954065006,0.09333333333333327,0.6749485577105531,0.19362650284019906,0.24999999999999994,0.9226666666666665,intermediate
STR Binny,1178428,2019-05-04,Rajasthan Royals,Delhi Capitals,Arun Jaitley Stadium,Delhi,2019,6,6,0,2,6.0,1.0,0,0.0,0.0,0.0,unknown,unknown,0.3333333333333333,0.2,0.5,10.666666666666666,14.2,12.5,6.4444444444444455,8.366666666666667,8.033333333333333,10.0,9.6,9.0,28.0,62,0.4516129032258064,752.0,588.0,7.673469387755103,26.857142857142858,0.0,9.75,2.0,0,0.3333333333333333,6.708333333333333,6.0,0,7.0,4,0.05991193532830517,-0.05999999999999998,0.5270462766947297,0.0,0.31999999999999995,0.44799999999999995,experienced
MJ McClenaghan,1181768,2019-05-12,Mumbai Indians,Chennai Super Kings,Rajiv Gandhi International Stadium,Hyderabad,2019,24,24,0,2,6.0,4.0,0,0.0,0.0,0.0,unknown,unknown,0.0,1.0,1.0,26.0,31.0,30.2,8.5,8.95,8.35,20.0,21.6,22.2,75.0,55,1.3636363636363635,1779.0,1250.0,8.539200000000001,23.72,1.56,9.076666666666666,25.0,1,1.5,7.488095238095238,6.0,0,7.0,4,-0.2843383980675878,-0.29333333333333333,1.0540925533894594,0.24977792923918862,0.2899999999999999,1.1413333333333333,experienced
SL Malinga,1181768,2019-05-12,Mumbai Indians,Chennai Super Kings,Rajiv Gandhi International Stadium,Hyderabad,2019,49,24,2,2,12.25,4.0,0,0.0,0.0,0.0,unknown,unknown,1.0,1.4,1.6,34.666666666666664,37.8,34.2,9.388888888888888,10.05151515151515,9.228389154704944,22.0,22.4,22.1,186.0,121,1.537190082644628,3317.0,2803.0,7.10024973242954,17.833333333333332,1.6666666666666667,6.8971500721500725,42.0,1,1.625,6.989583333333333,8.0,0,5.0,11,0.13200895391505377,-0.21333333333333337,1.9550504398153583,0.0,0.4381818181818182,1.4333333333333331,veteran
AS Rajpoot,1216541,2020-10-25,Rajasthan Royals,Mumbai Indians,Sheikh Zayed Stadium,Abu Dhabi,2020/21,60,24,0,1,15.0,4.0,1,0.0,0.0,0.0,unknown,unknown,0.0,0.4,0.7,20.33333333333333,27.8,31.0,11.0,10.5,9.525,10.0,15.6,19.8,24.0,28,0.8571428571428571,754.0,505.0,8.95841584158416,31.416666666666668,2.0,10.375,2.0,0,2.0,5.25,3.0,0,3.0,5,-0.35748840048840047,-0.33333333333333337,0.8232726023485651,0.04442206894056628,0.13999999999999999,0.5613333333333334,intermediate
DW Steyn,1216499,2020-10-28,Royal Challengers Bangalore,Mumbai Indians,Sheikh Zayed Stadium,Abu Dhabi,2020/21,43,24,0,2,10.75,4.0,0,0.0,0.0,0.0,unknown,unknown,1.0,1.0,0.7,39.66666666666666,35.2,31.9,10.166666666666666,9.8,10.175,23.33333333333333,21.2,19.6,105.0,94,1.1170212765957446,2480.0,2158.0,6.895273401297498,23.61904761904762,1.0,4.125,2.0,0,0.0,8.5,1.0,0,34.0,2,-0.4016957098518376,0.31333333333333335,0.9486832980505132,0.0,0.18181818181818182,0.8066666666666666,experienced
CH Gayle,1216506,2020-11-01,Kings XI Punjab,Chennai Super Kings,Sheikh Zayed Stadium,Abu Dhabi,2020/21,5,5,0,2,6.0,0.8333333333333334,0,0.0,0.0,0.0,unknown,unknown,0.6666666666666666,0.4,0.5,20.0,15.6,15.7,7.277777777777778,6.166666666666666,8.545833333333334,16.0,14.4,11.2,19.0,37,0.5135135135135135,724.0,549.0,7.912568306010929,38.10526315789474,0.0,0.0,0.0,0,0.0,0.0,0.0,0,90.0,0,-0.1884314184314184,-0.19333333333333336,0.8498365855987975,0.0,0.24,0.32133333333333336,intermediate
S Nadeem,1254063,2021-04-14,Sunrisers Hyderabad,Royal Challengers Bangalore,"MA Chidambaram Stadium, Chepauk, Chennai",Chennai,2021,36,24,1,1,9.0,4.0,1,0.0,0.0,0.0,unknown,unknown,1.3333333333333333,1.2,0.9,32.333333333333336,28.0,26.8,8.083333333333334,8.2,8.875,24.0,20.4,18.6,53.0,69,0.7681159420289855,1748.0,1391.0,7.539899352983465,32.9811320754717,1.25,6.666666666666666,4.0,1,1.0,4.583333333333333,3.0,0,90.0,0,0.122078496505721,0.32666666666666666,0.7378647873726217,0.13495246311135137,0.38,0.9453333333333334,experienced
Harbhajan Singh,1254067,2021-04-18,Kolkata Knight Riders,Royal Challengers Bangalore,"MA Chidambaram Stadium, Chepauk, Chennai",Chennai,2021,38,24,0,1,9.5,4.0,1,0.0,0.0,0.0,unknown,unknown,0.0,0.6,1.2,17.333333333333332,21.6,27.0,7.75,7.45,7.775,14.0,18.0,21.0,161.0,159,1.0125786163522013,3992.0,3392.0,7.061320754716981,24.795031055900623,1.108695652173913,7.331521739130435,46.0,1,0.6666666666666666,7.652777777777778,12.0,0,5.0,2,0.17701972024101828,-0.4133333333333333,1.2292725943057186,0.1396173962864451,0.3,1.1893333333333334,veteran
CR Woakes,1254068,2021-04-18,Delhi Capitals,Punjab Kings,"Wankhede Stadium, Mumbai",Mumbai,2021,42,24,1,1,10.5,4.0,1,0.0,0.0,0.0,unknown,unknown,1.3333333333333333,1.4,1.8,26.666666666666668,31.6,30.7,7.166666666666667,8.716666666666665,8.263333333333334,22.0,21.6,22.4,30.0,20,1.5,616.0,416.0,8.884615384615385,20.53333333333333,2.0,5.75,2.0,0,2.0,12.25,1.0,0,3.0,2,0.17799191606467152,-0.25333333333333335,0.9189365834726816,0.4009063426855531,0.46266666666666667,1.5813333333333333,rookie
Imran Tahir,1254076,2021-04-25,Chennai Super Kings,Royal Challengers Bangalore,"Wankhede Stadium, Mumbai",Mumbai,2021,16,24,3,2,4.0,4.0,0,0.0,0.0,0.0,unknown,unknown,0.3333333333333333,0.8,1.1,25.33333333333333,25.4,28.3,6.9444444444444455,7.1,7.510000000000001,22.0,21.6,22.4,83.0,58,1.4310344827586208,1687.0,1292.0,7.8343653250774,20.32530120481928,0.0,0.0,0.0,0,1.0,6.883333333333333,5.0,0,90.0,0,-0.22126145213259552,-0.4066666666666666,1.2866839377079182,0.040596480805918336,0.35266666666666663,1.1066666666666667,experienced
DS Kulkarni,1254084,2021-05-01,Mumbai Indians,Chennai Super Kings,"Arun Jaitley Stadium, Delhi",Delhi,2021,48,24,0,1,12.0,4.0,1,0.0,0.0,0.0,unknown,unknown,0.3333333333333333,0.6,0.5,34.666666666666664,35.8,32.7,10.13888888888889,9.833333333333334,9.541666666666668,20.0,21.6,20.4,91.0,91,1.0,2426.0,1763.0,8.256381168462847,26.65934065934066,1.7142857142857142,8.270833333333334,14.0,1,0.6153846153846154,8.014328808446455,13.0,0,90.0,0,-0.373612568928338,0.06666666666666662,0.5270462766947291,0.1455891086372078,0.17333333333333328,0.6453333333333333,experienced
RG Sharma,1254096,2021-09-23,Mumbai Indians,Kolkata Knight Riders,"Zayed Cricket Stadium, Abu Dhabi",Abu Dhabi,2021,4,1,0,2,24.0,0.1666666666666666,0,0.0,0.0,0.0,unknown,unknown,0.3333333333333333,0.2,0.1,11.666666666666666,8.2,11.8,8.333333333333334,6.6,9.8,8.0,6.4,6.8,16.0,31,0.5161290322580645,449.0,338.0,7.970414201183432,28.0625,0.0,0.0,0.0,0,0.0,0.0,0.0,0,90.0,1,-0.4184912689584547,0.13999999999999999,0.3162277660168375,0.0,0.06000000000000001,0.14799999999999996,intermediate
CH Morris,1254106,2021-10-07,Rajasthan Royals,Kolkata Knight Riders,Sharjah Cricket Stadium,Sharjah,2021,28,24,1,1,7.0,4.0,1,0.0,0.0,0.0,unknown,unknown,0.3333333333333333,1.2,1.6,41.333333333333336,37.2,34.8,11.083333333333334,9.75,9.466666666666669,22.0,22.8,22.2,106.0,80,1.325,2281.0,1702.0,8.041128084606346,21.5188679245283,1.25,10.041666666666668,4.0,1,1.181818181818182,8.196969696969697,11.0,0,8.0,10,0.5787981206002526,0.21333333333333337,1.5776212754932308,0.005594681126692281,0.4833333333333333,1.7466666666666668,experienced
MC Henriques,1254094,2021-10-07,Punjab Kings,Chennai Super Kings,Dubai International Cricket Stadium,Dubai,2021,9,6,0,1,9.0,1.0,1,0.0,0.0,0.0,unknown,unknown,1.3333333333333333,0.8,0.4,9.666666666666666,9.6,18.4,4.0,6.2,9.124283559577677,16.0,12.0,13.2,46.0,59,0.7796610169491526,1280.0,944.0,8.135593220338983,27.82608695652174,0.0,0.0,0.0,0,1.0,11.333333333333334,2.0,0,4.0,4,-0.5543037592387003,0.1933333333333333,0.9660917830792964,0.0,0.11000000000000001,0.25466666666666665,experienced
DT Christian,1254115,2021-10-11,Royal Challengers Bangalore,Kolkata Knight Riders,Sharjah Cricket Stadium,Sharjah,2021,29,10,0,2,17.4,1.6666666666666667,0,0.0,0.0,0.0,unknown,unknown,1.0,0.8,0.5,14.666666666666666,17.2,18.0,8.38888888888889,9.233333333333334,8.498550724637681,12.0,12.0,13.1,40.0,48,0.8333333333333334,1163.0,873.0,7.993127147766323,29.075,0.0,0.0,0.0,0,0.25,7.163043478260869,4.0,0,3.0,8,-0.4615744867733767,-0.046666666666666634,0.7071067811865474,0.0,0.15333333333333332,0.49066666666666664,intermediate
Shakib Al Hasan,1254117,2021-10-15,Kolkata Knight Riders,Chennai Super Kings,Dubai International Cricket Stadium,Dubai,2021,33,18,0,1,11.0,3.0,1,0.0,0.0,0.0,unknown,unknown,0.3333333333333333,0.6,0.7,17.666666666666668,19.4,24.9,4.666666666666667,6.2,7.166507177033493,18.0,18.0,20.3,71.0,69,1.0289855072463767,1806.0,1466.0,7.391541609822647,25.43661971830986,1.1666666666666667,6.963888888888889,6.0,1,1.4,7.316666666666667,5.0,0,2.0,7,-0.247912910720484,0.03999999999999998,0.6749485577105517,0.06030005263340199,0.29526315789473684,0.792,experienced
NM Coulter-Nile,1304051,2022-03-29,Rajasthan Royals,Sunrisers Hyderabad,"Maharashtra Cricket Association Stadium, Pune",Pune,2022,48,18,0,2,16.0,3.0,0,0.0,0.0,0.0,unknown,unknown,2.333333333333333,1.4,1.2,24.33333333333333,25.4,24.9,6.083333333333333,6.35,6.575,24.0,24.0,22.8,52.0,37,1.4054054054054057,1052.0,839.0,7.523241954707985,20.23076923076923,0.0,4.75,1.0,0,1.75,7.28125,8.0,0,90.0,0,-0.3191491567962156,0.34666666666666673,1.3984117975602015,0.0,0.27,1.1293333333333333,intermediate
VR Aaron,1304056,2022-04-02,Gujarat Titans,Delhi Capitals,"Maharashtra Cricket Association Stadium, Pune",Pune,2022,7,6,0,2,7.0,1.0,0,0.0,0.0,0.0,unknown,unknown,0.6666666666666666,0.4,0.6,38.0,32.0,29.8,11.333333333333334,11.4,12.075,20.0,16.8,16.8,46.0,49,0.9387755102040816,1474.0,988.0,8.951417004048583,32.04347826086956,0.0,0.0,0.0,0,1.0,9.2625,4.0,0,5.0,1,-0.4651823813089836,-0.39333333333333337,0.9660917830792956,0.0,0.12000000000000002,0.40933333333333327,intermediate
AJ Tye,1304061,2022-04-07,Lucknow Super Giants,Delhi Capitals,"Dr DY Patil Sports Academy, Mumbai",Mumbai,2022,28,18,0,1,9.333333333333334,3.0,1,0.0,0.0,0.0,unknown,unknown,1.6666666666666667,1.2,0.8,43.0,41.4,40.9,10.75,11.65,10.875,24.0,21.6,22.8,48.0,29,1.6551724137931034,951.0,666.0,8.567567567567568,19.8125,2.0,8.5,1.0,0,1.0,6.375,2.0,0,3.0,2,-0.8819941897183277,-0.12000000000000006,1.0327955589886442,0.0,0.21666666666666662,0.9640000000000001,intermediate
Basil Thampi,1304069,2022-04-13,Mumbai Indians,Punjab Kings,"Maharashtra Cricket Association Stadium, Pune",Pune,2022,47,24,2,1,11.75,4.0,1,0.0,0.0,0.0,unknown,unknown,0.0,0.8,0.5,23.33333333333333,30.2,35.7,12.75,11.7,11.65,16.0,19.2,20.4,24.0,24,1.0,799.0,497.0,9.645875251509054,33.291666666666664,1.0,5.340909090909091,2.0,0,0.0,0.0,0.0,0,4.0,4,-0.3854488989271597,-0.020000000000000073,0.97182531580755,0.00542332538424152,0.17,0.768,intermediate
V Shankar,1304070,2022-04-14,Gujarat Titans,Rajasthan Royals,"Dr DY Patil Sports Academy, Mumbai",Mumbai,2022,1,3,0,2,2.0,0.5,0,0.0,0.0,0.0,unknown,unknown,0.6666666666666666,1.0,0.8,25.0,20.0,18.2,11.444444444444445,9.333333333333332,8.4,14.0,13.2,14.3,12.0,21,0.5714285714285714,343.0,235.0,8.757446808510638,28.58333333333333,0.0,0.0,0.0,0,0.0,0.0,0.0,0,12.0,1,0.3734576637672613,0.10666666666666662,0.6324555320336759,0.13997346085442716,0.4621212121212121,0.8613333333333333,intermediate
PJ Sangwan,1304097,2022-05-06,Gujarat Titans,Mumbai Indians,"Brabourne Stadium, Mumbai",Mumbai,2022,23,18,1,1,7.666666666666666,3.0,1,0.0,0.0,0.0,unknown,unknown,0.6666666666666666,0.8,0.8,20.33333333333333,26.6,29.1,8.583333333333334,9.333333333333332,10.075,16.0,18.0,18.0,43.0,41,1.048780487804878,1217.0,838.0,8.713603818615752,28.302325581395348,1.6666666666666667,6.666666666666667,3.0,1,0.0,10.583333333333334,3.0,0,3.0,2,-0.07242360312321802,0.1066666666666666,0.9189365834726814,0.00542332538424152,0.29666666666666663,0.8853333333333333,intermediate
Shivam Mavi,1304099,2022-05-07,Kolkata Knight Riders,Lucknow Super Giants,"Maharashtra Cricket Association Stadium, Pune",Pune,2022,50,24,1,1,12.5,4.0,1,0.0,0.0,0.0,unknown,unknown,1.0,0.8,1.3,34.333333333333336,35.4,32.2,8.583333333333334,10.8,9.163157894736845,24.0,21.6,22.3,32.0,31,1.032258064516129,892.0,625.0,8.5632,27.875,0.6666666666666666,11.0,3.0,1,0.5,9.270833333333332,4.0,0,5.0,5,-0.11456509584429495,-0.44000000000000006,1.05934990547138,0.10639997073433638,0.2805263157894737,0.9239999999999998,intermediate
KA Pollard,1304102,2022-05-09,Mumbai Indians,Kolkata Knight Riders,"Dr DY Patil Sports Academy, Mumbai",Navi Mumbai,2022,26,12,0,1,13.0,2.0,1,0.0,0.0,0.0,unknown,unknown,1.0,0.8,0.8,9.666666666666666,19.8,15.2,6.166666666666667,7.6,7.3,10.0,14.4,12.0,81.0,106,0.7641509433962265,2154.0,1476.0,8.75609756097561,26.59259259259259,0.0,0.0,0.0,0,0.3333333333333333,9.11111111111111,6.0,0,3.0,5,-0.12345478205655139,-0.07333333333333333,0.918936583472682,0.0,0.35,0.6733333333333333,veteran
DJ Bravo,1304105,2022-05-12,Chennai Super Kings,Mumbai Indians,"Wankhede Stadium, Mumbai",Mumbai,2022,16,12,0,2,8.0,2.0,0,0.0,0.0,0.0,unknown,unknown,2.333333333333333,2.2,1.8,34.0,33.4,31.2,9.5,8.95,8.729166666666666,21.33333333333333,22.4,21.8,207.0,157,1.3184713375796178,4344.0,3108.0,8.386100386100386,20.98550724637681,1.6666666666666667,7.722222222222222,6.0,1,1.4,7.816666666666666,15.0,0,4.0,9,0.4155834587637003,0.4533333333333333,0.9189365834726804,0.37085330728299126,0.4699999999999999,1.7786666666666666,veteran
S Kaul,1304113,2022-05-19,Royal Challengers Bangalore,Gujarat Titans,"Wankhede Stadium, Mumbai",Mumbai,2022,43,24,0,1,10.75,4.0,1,0.0,0.0,0.0,unknown,unknown,0.6666666666666666,0.8,1.0,32.333333333333336,31.4,35.9,8.212121212121213,8.527272727272727,9.375,23.33333333333333,22.0,22.8,63.0,54,1.1666666666666667,1696.0,1185.0,8.587341772151898,26.92063492063492,1.0,6.0,1.0,0,1.0,4.0,1.0,0,90.0,0,-0.11274640712598534,-0.31333333333333335,0.9428090415820624,0.2071804437789358,0.2763636363636363,0.9933333333333334,experienced
J Suchith,1304116,2022-05-22,Sunrisers Hyderabad,Punjab Kings,"Wankhede Stadium, Mumbai",Mumbai,2022,38,24,1,2,9.5,4.0,0,0.0,0.0,0.0,unknown,unknown,1.6666666666666667,1.2,1.2,23.33333333333333,29.4,25.9,6.166666666666667,8.833333333333334,8.558333333333334,22.0,20.4,19.2,19.0,20,0.95,564.0,396.0,8.545454545454547,29.68421052631579,2.0,7.5,1.0,0,1.0,6.25,1.0,0,14.0,4,0.09718008255933955,0.0666666666666666,0.7888106377466155,0.2424644680594,0.2766666666666666,1.0213333333333332,rookie
BA Stokes,1359480,2023-04-03,Chennai Super Kings,Lucknow Super Giants,"MA Chidambaram Stadium, Chepauk, Chennai",Chennai,2023,18,6,0,2,18.0,1.0,0,0.0,0.0,0.0,unknown,unknown,0.6666666666666666,0.4,0.4,28.0,27.0,23.7,11.111111111111107,10.866666666666664,9.96,16.0,15.6,13.7,31.0,37,0.8378378378378378,974.0,683.0,8.556368960468522,31.41935483870968,0.0,0.0,0.0,0,0.6666666666666666,9.083333333333334,6.0,1,90.0,0,-0.46327845798434025,-0.20000000000000004,0.8432740427115679,0.0,0.11333333333333333,0.44000000000000006,intermediate
TG Southee,1359483,2023-04-06,Kolkata Knight Riders,Royal Challengers Bangalore,"Eden Gardens, Kolkata",Kolkata,2023,25,12,0,2,12.5,2.0,0,0.0,0.0,0.0,unknown,unknown,1.3333333333333333,1.6,1.8,44.66666666666666,34.4,32.9,11.166666666666666,8.766666666666666,8.308333333333334,24.0,22.8,23.4,57.0,53,1.0754716981132075,1717.0,1194.0,8.628140703517587,30.12280701754386,1.0,8.375,2.0,0,1.8333333333333333,7.916666666666667,6.0,1,5.0,1,0.6534360263699094,-0.22000000000000003,1.1352924243950937,0.34926156401889774,0.44333333333333336,1.6800000000000002,experienced
J Yadav,1359504,2023-04-22,Gujarat Titans,Lucknow Super Giants,"Bharat Ratna Shri Atal Bihari Vajpayee Ekana Cricket Stadium, Lucknow",Lucknow,2023,26,24,0,2,6.5,4.0,0,0.0,0.0,0.0,unknown,unknown,0.6666666666666666,0.6,0.5,28.33333333333333,26.0,24.9,9.527777777777777,7.966666666666666,7.3166666666666655,18.0,20.4,21.0,9.0,19,0.4736842105263157,419.0,366.0,6.868852459016393,46.55555555555556,2.0,7.75,1.0,0,0.5,7.5,4.0,0,90.0,0,0.1420768833849329,0.19999999999999993,0.7071067811865476,0.0,0.15666666666666665,0.5599999999999999,rookie
JO Holder,1359516,2023-04-30,Rajasthan Royals,Mumbai Indians,"Wankhede Stadium, Mumbai",Mumbai,2023,55,21,0,2,15.714285714285715,3.5,0,0.0,0.0,0.0,unknown,unknown,0.3333333333333333,0.2,0.6,39.66666666666666,36.8,32.7,9.916666666666666,10.283333333333331,9.15,24.0,21.6,21.0,59.0,45,1.3111111111111111,1406.0,974.0,8.661190965092402,23.83050847457627,1.0,6.75,1.0,0,1.6,8.166666666666668,5.0,0,3.0,7,-0.763939950513972,-0.3666666666666667,0.6992058987801028,0.0,0.16999999999999996,0.6266666666666667,intermediate
M Ashwin,1359526,2023-05-07,Rajasthan Royals,Sunrisers Hyderabad,"Sawai Mansingh Stadium, Jaipur",Jaipur,2023,42,18,0,2,14.0,3.0,0,0.0,0.0,0.0,unknown,unknown,1.0,1.0,0.9,25.0,28.4,26.1,9.0,8.75,8.041666666666666,18.0,20.4,20.4,35.0,43,0.813953488372093,1120.0,852.0,7.887323943661972,32.0,0.0,10.75,1.0,0,0.5,6.5625,4.0,1,29.0,1,0.18571461814797036,0.22666666666666657,0.8755950357709129,0.047547334582937986,0.27,1.0013333333333332,intermediate
R Tewatia,1359536,2023-05-15,Gujarat Titans,Sunrisers Hyderabad,"Narendra Modi Stadium, Ahmedabad",Ahmedabad,2023,7,7,0,2,6.0,1.1666666666666667,0,0.0,0.0,0.0,unknown,unknown,0.0,0.2,0.5,9.333333333333334,12.4,18.9,9.333333333333334,12.4,11.208333333333332,6.0,6.0,10.8,36.0,51,0.7058823529411765,1104.0,836.0,7.923444976076555,30.666666666666668,1.0,5.666666666666666,1.0,0,0.5,8.375,6.0,1,23.0,1,-0.21105141631120533,-0.39333333333333326,0.9718253158075504,0.0,0.34,0.4213333333333333,experienced
Navdeep Saini,1359540,2023-05-19,Rajasthan Royals,Punjab Kings,"Himachal Pradesh Cricket Association Stadium, Dharamsala",Dharamsala,2023,40,24,3,1,10.0,4.0,1,0.0,0.0,0.0,unknown,unknown,1.0,0.6,0.5,32.333333333333336,31.0,27.8,12.166666666666666,11.690909090909091,10.020454545454545,16.0,16.4,17.8,23.0,30,0.7666666666666667,906.0,628.0,8.656050955414013,39.391304347826086,0.0,13.5,1.0,0,1.6666666666666667,10.333333333333334,3.0,0,90.0,0,-0.3099089161158126,0.006666666666666665,0.7071067811865472,0.0,0.17333333333333328,0.45733333333333326,intermediate
WD Parnell,1359544,2023-05-21,Royal Challengers Bangalore,Gujarat Titans,"M Chinnaswamy Stadium, Bengaluru",Bengaluru,2023,42,19,0,2,13.263157894736842,3.1666666666666665,0,0.0,0.0,0.0,unknown,unknown,1.3333333333333333,1.2,1.4,25.666666666666668,30.6,30.8,7.583333333333333,8.35,8.238311688311688,20.0,21.6,22.3,40.0,32,1.25,895.0,704.0,7.627840909090908,22.375,0.5,6.5,2.0,0,0.0,9.5,1.0,0,3.0,6,0.26699295513533555,0.23333333333333334,1.07496769977314,0.25623779701380245,0.4185714285714285,1.4826666666666668,intermediate
CJ Jordan,1370352,2023-05-26,Mumbai Indians,Gujarat Titans,"Narendra Modi Stadium, Ahmedabad",Ahmedabad,2023,56,24,0,1,14.0,4.0,1,0.0,0.0,0.0,unknown,unknown,0.6666666666666666,0.6,0.8,33.0,36.2,33.6,8.833333333333334,9.4,9.588043478260868,20.0,21.6,20.3,36.0,33,1.0909090909090908,1025.0,650.0,9.461538461538462,28.47222222222222,0.5,10.25,2.0,0,2.0,8.944444444444445,3.0,0,2.0,5,-0.6774360821788519,-0.42000000000000004,1.0327955589886448,0.0,0.12000000000000002,0.496,intermediate
Umran Malik,1422126,2024-03-27,Sunrisers Hyderabad,Mumbai Indians,"Rajiv Gandhi International Stadium, Uppal, Hyderabad",Hyderabad,2024,15,6,0,2,15.0,1.0,0,0.0,0.0,0.0,unknown,unknown,0.0,0.4,1.0,25.666666666666668,26.2,26.4,14.22222222222222,13.333333333333334,11.507692307692306,12.0,13.2,15.1,31.0,25,1.24,757.0,487.0,9.326488706365502,24.41935483870968,1.0,5.25,1.0,0,1.0,4.25,2.0,1,90.0,0,-0.4234310182571052,-0.4866666666666667,0.9428090415820632,0.13329206201556293,0.3384615384615384,0.8866666666666667,intermediate
AS Joseph,1422128,2024-03-29,Royal Challengers Bengaluru,Kolkata Knight Riders,"M Chinnaswamy Stadium, Bengaluru",Bengaluru,2024,34,12,0,2,17.0,2.0,0,0.0,0.0,0.0,unknown,unknown,0.3333333333333333,0.2,0.8,44.333333333333336,37.0,33.3,11.37121212121212,10.956060606060609,9.853030303030303,23.33333333333333,18.8,20.2,22.0,21,1.0476190476190477,657.0,422.0,9.34123222748815,29.863636363636363,1.5,6.875,2.0,0,6.0,3.2727272727272725,1.0,1,4.0,2,-0.4409685979655021,-0.5066666666666667,0.9189365834726816,0.01084665076848296,0.16999999999999998,0.5386666666666666,intermediate
MR Marsh,1422134,2024-04-03,Delhi Capitals,Kolkata Knight Riders,"Dr. Y.S. Rajasekhara Reddy ACA-VDCA Cricket Stadium, Visakhapatnam",Visakhapatnam,2024,37,18,1,1,12.333333333333332,3.0,1,0.0,0.0,0.0,unknown,unknown,0.0,1.0,1.2,29.0,25.2,23.6,16.0,12.2,10.482894736842104,12.0,14.4,15.1,36.0,33,1.0909090909090908,758.0,542.0,8.391143911439114,21.05555555555556,0.0,0.0,0.0,0,1.0,6.75,4.0,0,3.0,2,0.4569739104055011,0.21333333333333337,1.4757295747452437,0.0269018813788393,0.49333333333333335,1.5106666666666668,intermediate
S Gopal,1426271,2024-04-18,Mumbai Indians,Punjab Kings,"Maharaja Yadavindra Singh International Cricket Stadium, Mullanpur",Mohali,2024,26,12,1,2,13.0,2.0,0,0.0,0.0,0.0,unknown,unknown,1.0,0.6,0.6,25.0,23.8,27.5,9.444444444444445,9.8,10.25,16.0,14.4,16.2,52.0,50,1.04,1323.0,979.0,8.108273748723187,25.442307692307693,0.3333333333333333,11.0,3.0,1,1.25,7.0,4.0,0,4.0,2,-0.6060507151981978,-0.1333333333333333,0.6992058987801009,0.0,0.15999999999999995,0.4853333333333333,intermediate
Lalit Yadav,1426273,2024-04-20,Delhi Capitals,Sunrisers Hyderabad,"Arun Jaitley Stadium, Delhi",Delhi,2024,41,12,0,1,20.5,2.0,1,0.0,0.0,0.0,unknown,unknown,0.3333333333333333,0.6,0.5,27.0,26.6,23.9,14.111111111111107,11.066666666666666,10.375,12.0,16.8,15.0,11.0,19,0.5789473684210527,384.0,276.0,8.347826086956522,34.90909090909091,0.0,11.979166666666666,4.0,1,0.0,0.0,0.0,1,13.0,1,-0.13242346061231508,-5.551115123125783e-18,0.7071067811865475,0.00715755493984202,0.12999999999999995,0.564,rookie
M Markande,1426279,2024-04-25,Sunrisers Hyderabad,Royal Challengers Bengaluru,"Rajiv Gandhi International Stadium, Uppal, Hyderabad",Hyderabad,2024,42,18,1,1,14.0,3.0,1,0.0,0.0,0.0,unknown,unknown,1.3333333333333333,1.0,0.9,31.0,35.6,36.3,11.666666666666666,11.8,11.075,16.0,18.0,19.8,36.0,36,1.0,1027.0,702.0,8.777777777777779,28.52777777777778,0.0,0.0,0.0,0,3.0,5.375,2.0,1,5.0,6,-0.17021040234275528,0.026666666666666596,0.8755950357709131,0.01626997615272456,0.23999999999999994,0.8413333333333334,intermediate
A Mishra,1426282,2024-04-27,Lucknow Super Giants,Rajasthan Royals,"Bharat Ratna Shri Atal Bihari Vajpayee Ekana Cricket Stadium, Lucknow",Lucknow,2024,20,12,1,2,10.0,2.0,0,0.0,0.0,0.0,unknown,unknown,1.0,0.8,0.9,28.0,21.6,21.9,9.5,8.1,8.22857142857143,18.0,15.6,16.3,182.0,162,1.123456790123457,4125.0,3359.0,7.368264364394163,22.664835164835164,0.0,0.0,0.0,0,0.9230769230769232,7.185897435897436,13.0,1,90.0,0,-0.24375976692219076,-0.28,0.7378647873726211,0.03603004725052864,0.31999999999999995,0.8800000000000001,veteran
Mohammad Nabi,1426286,2024-04-30,Mumbai Indians,Lucknow Super Giants,"Bharat Ratna Shri Atal Bihari Vajpayee Ekana Cricket Stadium, Lucknow",Lucknow,2024,16,8,1,2,12.0,1.3333333333333333,0,0.0,0.0,0.0,unknown,unknown,0.3333333333333333,0.2,0.3,23.0,18.6,23.1,8.777777777777779,8.366666666666667,9.483333333333333,16.0,13.2,16.2,14.0,22,0.6363636363636364,501.0,409.0,7.34963325183374,35.785714285714285,0.0,0.0,0.0,0,0.0,0.0,0.0,0,3.0,5,-0.4623688007898534,-0.21333333333333332,0.6749485577105527,0.0,0.06000000000000001,0.14933333333333332,intermediate
K Gowtham,1426295,2024-05-08,Lucknow Super Giants,Sunrisers Hyderabad,"Rajiv Gandhi International Stadium, Uppal, Hyderabad",Hyderabad,2024,29,12,0,2,14.5,2.0,0,0.0,0.0,0.0,unknown,unknown,0.6666666666666666,0.6,0.8,14.666666666666666,19.0,21.7,6.5,9.45,8.925,14.0,14.4,16.8,22.0,34,0.6470588235294118,779.0,576.0,8.114583333333334,35.40909090909091,2.0,7.5,1.0,0,0.6666666666666666,8.666666666666666,3.0,0,90.0,0,-0.009694022770398457,-0.16,0.6324555320336763,0.16478618621243774,0.24,0.6439999999999999,intermediate
Kartik Tyagi,1426297,2024-05-10,Gujarat Titans,Chennai Super Kings,"Narendra Modi Stadium, Ahmedabad",Ahmedabad,2024,51,24,0,2,12.75,4.0,0,0.0,0.0,0.0,unknown,unknown,0.3333333333333333,0.4,0.8,30.666666666666668,34.2,33.1,15.073529411764705,12.994117647058824,11.072058823529412,12.333333333333334,17.0,19.3,16.0,19,0.8421052631578947,662.0,398.0,9.979899497487438,41.375,0.0,0.0,0.0,0,0.5,11.464912280701755,2.0,1,90.0,0,-0.3086007911936704,-0.37333333333333335,0.7888106377466155,0.04984539432480834,0.18,0.5813333333333334,rookie
UT Yadav,1426297,2024-05-10,Gujarat Titans,Chennai Super Kings,"Narendra Modi Stadium, Ahmedabad",Ahmedabad,2024,20,18,2,2,6.666666666666667,3.0,0,0.0,0.0,0.0,unknown,unknown,1.3333333333333333,1.0,0.7,34.666666666666664,31.8,26.9,10.25,10.716666666666669,11.008333333333336,20.0,18.0,15.0,161.0,146,1.1027397260273972,4312.0,3038.0,8.516129032258064,26.782608695652176,2.5,5.6875,4.0,1,0.8333333333333334,9.06181917211329,18.0,1,30.0,6,-0.2999807742619122,0.5399999999999999,0.8232726023485639,0.0,0.2633333333333333,0.8320000000000001,veteran
PP Chawla,1426305,2024-05-17,Mumbai Indians,Lucknow Super Giants,"Wankhede Stadium, Mumbai",Mumbai,2024,29,24,3,1,7.25,4.0,1,0.0,0.0,0.0,unknown,unknown,2.0,1.4,1.0,25.33333333333333,27.0,28.3,7.527777777777779,7.85,9.683333333333334,20.0,20.4,18.6,198.0,191,1.036649214659686,5079.0,3826.0,7.964976476738108,25.651515151515152,0.0,0.0,0.0,0,0.8333333333333334,9.00462962962963,18.0,1,6.0,10,-0.18748134937024954,0.22666666666666663,0.9428090415820632,0.10779130599083357,0.23666666666666666,0.9533333333333334,veteran
Mohsin Khan,1426305,2024-05-17,Lucknow Super Giants,Mumbai Indians,"Wankhede Stadium, Mumbai",Mumbai,2024,45,24,1,2,11.25,4.0,0,0.0,0.0,0.0,unknown,unknown,0.6666666666666666,0.6,1.0,31.0,39.0,36.4,10.083333333333334,11.15,10.0,20.0,21.6,22.2,26.0,22,1.181818181818182,644.0,462.0,8.363636363636363,24.76923076923077,1.6666666666666667,6.583333333333333,3.0,1,0.0,0.0,0.0,0,3.0,9,-0.22328092959671908,-0.1733333333333334,0.8164965809277259,0.30270239801009113,0.26,0.9533333333333334,intermediate
R Dhawan,1426307,2024-05-19,Punjab Kings,Sunrisers Hyderabad,"Rajiv Gandhi International Stadium, Uppal, Hyderabad",Hyderabad,2024,35,18,0,2,11.666666666666666,3.0,0,0.0,0.0,0.0,unknown,unknown,0.3333333333333333,0.2,0.7,15.0,15.4,21.6,8.055555555555555,9.533333333333331,8.775,12.0,10.8,15.6,27.0,35,0.7714285714285715,856.0,644.0,7.975155279503106,31.703703703703702,2.0,9.75,1.0,0,1.0,9.026785714285715,4.0,0,90.0,0,-0.16698754281771352,-0.3066666666666667,0.8232726023485648,0.11088748231493135,0.17999999999999994,0.6266666666666667,intermediate
C Green,1426310,2024-05-22,Royal Challengers Bengaluru,Rajasthan Royals,"Narendra Modi Stadium, Ahmedabad",Ahmedabad,2024,28,24,2,2,7.0,4.0,0,0.0,0.0,0.0,unknown,unknown,1.0,0.8,0.8,17.666666666666668,24.6,22.9,9.916666666666666,10.15,9.352631578947369,14.0,16.8,15.7,18.0,28,0.6428571428571429,636.0,415.0,9.195180722891566,35.333333333333336,0.6666666666666666,9.625,6.0,1,0.5,4.625,2.0,0,4.0,12,0.31345136345136343,0.21333333333333332,0.9189365834726814,0.0,0.31999999999999995,0.8866666666666667,intermediate
N Rana,1473443,2025-03-26,Rajasthan Royals,Kolkata Knight Riders,"Barsapara Cricket Stadium, Guwahati",Guwahati,2025,9,6,0,2,9.0,1.0,0,0.0,0.0,0.0,unknown,unknown,0.0,0.2,0.3,12.666666666666666,11.8,11.4,12.666666666666666,12.36,10.405,6.0,5.8,7.7,10.0,25,0.4,261.0,186.0,8.419354838709678,26.1,0.0,0.0,0.0,0,0.0,7.0,2.0,0,3.0,1,-0.026913231695840385,0.033333333333333305,0.6749485577105531,0.0,0.22000000000000003,0.3466666666666667,intermediate
A Zampa,1473444,2025-03-27,Sunrisers Hyderabad,Lucknow Super Giants,"Rajiv Gandhi International Stadium, Uppal, Hyderabad",Hyderabad,2025,46,24,1,2,11.5,4.0,0,0.0,0.0,0.0,unknown,unknown,1.3333333333333333,1.4,1.2,33.0,32.2,32.8,8.25,9.083333333333334,8.941666666666666,24.0,21.6,22.2,31.0,21,1.4761904761904765,606.0,443.0,8.207674943566591,19.548387096774192,0.0,0.0,0.0,0,6.0,4.75,1.0,1,4.0,1,-0.0381483119563615,0.29333333333333333,0.9189365834726811,0.21067616317869323,0.42000000000000004,1.4586666666666668,intermediate
Mujeeb Ur Rahman,1473446,2025-03-29,Mumbai Indians,Gujarat Titans,"Narendra Modi Stadium, Ahmedabad",Ahmedabad,2025,28,12,1,1,14.0,2.0,1,0.0,0.0,0.0,unknown,unknown,0.6666666666666666,0.4,0.7,37.333333333333336,40.4,35.2,9.333333333333334,10.5,9.5,24.0,22.8,22.4,20.0,19,1.0526315789473684,592.0,434.0,8.184331797235023,29.6,0.0,0.0,0.0,0,0.5,9.0,4.0,0,90.0,0,-0.6872910216718267,-0.7133333333333334,0.948683298050514,0.03702309146594146,0.1,0.4493333333333333,rookie
LH Ferguson,1473464,2025-04-12,Punjab Kings,Sunrisers Hyderabad,"Rajiv Gandhi International Stadium, Uppal, Hyderabad",Hyderabad,2025,1,2,0,2,3.0,0.3333333333333333,0,0.0,0.0,0.0,unknown,unknown,2.0,1.6,1.6,34.333333333333336,35.8,35.8,9.305555555555555,10.033333333333331,10.433333333333334,22.0,21.6,21.0,63.0,48,1.3125,1531.0,1024.0,8.970703125,24.3015873015873,2.5,6.375,2.0,0,1.0,11.753968253968251,7.0,0,4.0,3,0.20212815014156363,0.2733333333333333,0.9660917830792958,0.2248094502074101,0.4266666666666666,1.4626666666666668,intermediate
Yash Thakur,1473464,2025-04-12,Punjab Kings,Sunrisers Hyderabad,"Rajiv Gandhi International Stadium, Uppal, Hyderabad",Hyderabad,2025,40,15,0,2,16.0,2.5,0,0.0,0.0,0.0,unknown,unknown,0.6666666666666666,0.8,1.3,44.0,45.8,39.8,12.958333333333334,12.625,11.195108695652172,21.33333333333333,22.4,21.9,28.0,20,1.4,730.0,428.0,10.233644859813085,26.071428571428573,0.0,0.0,0.0,0,0.6666666666666666,10.763888888888888,3.0,0,4.0,1,-0.5225928792569658,-0.7,1.4181364924121769,0.043511967250235116,0.24217391304347827,0.9879999999999999,rookie
LS Livingstone,1473465,2025-04-13,Royal Challengers Bengaluru,Rajasthan Royals,"Sawai Mansingh Stadium, Jaipur",Jaipur,2025,8,6,0,1,8.0,1.0,1,0.0,0.0,0.0,unknown,unknown,0.6666666666666666,0.4,0.5,18.0,19.2,19.5,11.0,9.866666666666667,9.858333333333334,12.0,13.2,13.8,13.0,26,0.5,461.0,306.0,9.03921568627451,35.46153846153846,0.0,12.5625,4.0,1,0.0,9.5,1.0,0,3.0,4,0.13201449275362317,0.10666666666666662,0.8498365855987974,0.0,0.16666666666666666,0.6373333333333333,intermediate
GJ Maxwell,1473468,2025-04-15,Punjab Kings,Kolkata Knight Riders,"Maharaja Yadavindra Singh International Cricket Stadium, Mullanpur",Mohali,2025,5,12,1,2,2.5,2.0,0,0.0,0.0,0.0,unknown,unknown,0.3333333333333333,0.6,1.0,19.0,21.0,22.7,8.277777777777779,9.033333333333337,9.316666666666666,12.0,13.2,15.6,44.0,84,0.5238095238095238,1408.0,1010.0,8.364356435643565,32.0,1.0,6.833333333333333,3.0,1,0.5555555555555556,8.675925925925926,9.0,1,3.0,5,0.4331631105658924,-0.1333333333333334,0.8164965809277261,0.1835034190722738,0.3333333333333333,0.9213333333333331,experienced
RD Chahar,1473470,2025-04-17,Sunrisers Hyderabad,Mumbai Indians,"Wankhede Stadium, Mumbai",Mumbai,2025,9,6,0,2,9.0,1.0,0,0.0,0.0,0.0,unknown,unknown,0.6666666666666666,1.4,1.1,38.66666666666666,31.0,30.7,10.972222222222223,8.533333333333335,9.68030303030303,22.0,22.8,20.8,76.0,77,0.987012987012987,2141.0,1664.0,7.719951923076922,28.17105263157895,0.0,11.333333333333332,1.0,0,1.1428571428571428,8.083333333333334,7.0,0,90.0,0,0.3707435213188638,0.3466666666666666,0.9944289260117528,0.14833362936670644,0.35,1.3653333333333333,experienced
C Sakariya,1473481,2025-04-26,Kolkata Knight Riders,Punjab Kings,"Eden Gardens, Kolkata",Kolkata,2025,39,18,0,1,13.0,3.0,1,0.0,0.0,0.0,unknown,unknown,1.6666666666666667,1.2,1.0,37.333333333333336,34.6,31.3,9.333333333333334,8.933333333333334,8.416666666666668,24.0,22.8,22.2,20.0,19,1.0526315789473684,599.0,426.0,8.43661971830986,29.95,2.0,8.25,1.0,0,0.0,9.5,1.0,1,90.0,0,-0.009137426900584783,0.19333333333333327,0.6666666666666666,0.282948333248746,0.27666666666666667,1.0546666666666666,rookie
Sandeep Sharma,1473484,2025-04-28,Rajasthan Royals,Gujarat Titans,"Sawai Mansingh Stadium, Jaipur",Jaipur,2025,33,24,1,1,8.25,4.0,1,0.0,0.0,0.0,unknown,unknown,1.3333333333333333,1.0,1.1,48.66666666666666,43.2,36.6,11.61904761904762,11.34142857142857,9.695714285714285,25.33333333333333,23.0,22.3,162.0,135,1.2,4050.0,3021.0,8.04369414101291,25.0,0.5,10.125,2.0,0,1.2727272727272727,8.727272727272727,11.0,1,4.0,9,-0.23851902794989685,0.019999999999999872,0.7378647873726221,0.19053156113792735,0.23571428571428568,0.9839999999999998,veteran
I Sharma,1473488,2025-05-02,Gujarat Titans,Sunrisers Hyderabad,"Narendra Modi Stadium, Ahmedabad",Ahmedabad,2025,35,20,1,2,10.5,3.333333333333333,0,0.0,0.0,0.0,unknown,unknown,0.6666666666666666,0.6,1.0,24.33333333333333,30.6,27.7,11.111111111111107,12.016666666666667,10.275,14.0,15.6,16.2,99.0,116,0.853448275862069,3342.0,2399.0,8.35848270112547,33.75757575757576,0.0,0.0,0.0,0,0.5555555555555556,8.231481481481481,9.0,1,4.0,6,-0.019689094420784835,-0.32666666666666677,1.1547005383792517,0.0,0.2966666666666666,0.8306666666666667,veteran
Mohammed Shami,1473488,2025-05-02,Sunrisers Hyderabad,Gujarat Titans,"Narendra Modi Stadium, Ahmedabad",Ahmedabad,2025,48,18,0,1,16.0,3.0,1,0.0,0.0,0.0,unknown,unknown,0.3333333333333333,0.8,0.8,43.66666666666666,37.6,35.9,12.47222222222222,10.333333333333334,10.866666666666667,20.0,21.6,19.8,150.0,118,1.271186440677966,3709.0,2596.0,8.572419106317412,24.726666666666667,0.0,0.0,0.0,0,1.0769230769230769,8.070512820512821,13.0,0,7.0,8,-0.5228598661852998,-0.32666666666666666,0.7888106377466159,0.07723737965100402,0.20999999999999996,0.8066666666666666,veteran
SM Curran,1473489,2025-05-03,Chennai Super Kings,Royal Challengers Bengaluru,"M Chinnaswamy Stadium, Bengaluru",Bengaluru,2025,34,18,1,1,11.333333333333332,3.0,1,0.0,0.0,0.0,unknown,unknown,0.0,0.4,0.6,28.666666666666668,24.6,32.2,10.944444444444445,10.766666666666666,11.533333333333337,16.0,14.4,16.8,62.0,62,1.0,1999.0,1235.0,9.711740890688258,32.24193548387097,0.0,14.0,1.0,0,0.8333333333333334,8.041666666666666,6.0,0,3.0,4,-0.31390795016495643,-0.36,0.6992058987800999,0.17656114512892968,0.22666666666666666,0.708,experienced
JC Archer,1473490,2025-05-04,Rajasthan Royals,Kolkata Knight Riders,"Eden Gardens, Kolkata",Kolkata,2025,30,24,1,1,7.5,4.0,1,0.0,0.0,0.0,unknown,unknown,1.0,1.2,1.1,41.333333333333336,37.6,32.5,10.333333333333334,9.4,8.728333333333333,24.0,24.0,22.5,60.0,51,1.1764705882352942,1572.0,1194.0,7.899497487437186,26.2,1.0,10.5,1.0,0,1.5,7.125,4.0,0,3.0,11,0.08809168348190335,0.23999999999999994,0.994428926011753,0.03838948145027164,0.3233333333333333,1.176,experienced
M Theekshana,1473490,2025-05-04,Rajasthan Royals,Kolkata Knight Riders,"Eden Gardens, Kolkata",Kolkata,2025,41,24,1,1,10.25,4.0,1,0.0,0.0,0.0,unknown,unknown,1.0,0.8,1.0,38.0,35.0,36.9,9.5,9.8,9.75,24.0,21.6,22.8,35.0,37,0.945945945945946,1166.0,852.0,8.211267605633804,33.31428571428572,1.0,8.0,1.0,0,0.5,6.9375,4.0,0,3.0,10,-0.01704930293165588,0.0933333333333333,0.9428090415820632,0.01143819168358734,0.22999999999999998,0.9106666666666667,intermediate
MM Ali,1473494,2025-05-07,Kolkata Knight Riders,Chennai Super Kings,"Eden Gardens, Kolkata",Kolkata,2025,23,12,1,2,11.5,2.0,0,0.0,0.0,0.0,unknown,unknown,1.0,1.0,0.7,30.0,27.0,23.1,9.444444444444445,9.016666666666667,8.0,20.0,19.2,18.0,45.0,56,0.8035714285714286,1006.0,842.0,7.168646080760095,22.355555555555554,0.0,0.0,0.0,0,0.125,7.8125,8.0,1,3.0,4,-0.10867390122107104,0.15333333333333332,0.9486832980505132,0.0,0.19,0.6866666666666666,experienced
MA Starc,1473495,2025-05-08,Delhi Capitals,Punjab Kings,"Himachal Pradesh Cricket Association Stadium, Dharamsala",Dharamsala,2025,23,12,0,1,11.5,2.0,1,0.0,0.0,0.0,unknown,unknown,1.6666666666666667,1.8,1.9,33.0,39.0,37.7,9.11111111111111,10.351494252873565,10.455292580982237,22.0,23.0,22.1,78.0,49,1.5918367346938775,1514.0,1052.0,8.634980988593156,19.41025641025641,0.0,0.0,0.0,0,1.3333333333333333,8.131313131313131,6.0,0,9.0,10,-0.18343004608565594,-0.6333333333333333,2.183269719175042,0.0,0.3209717868338558,1.4333333333333333,intermediate
T Natarajan,1473498,2025-05-18,Delhi Capitals,Gujarat Titans,"Arun Jaitley Stadium, Delhi",Delhi,2025,49,18,0,2,16.333333333333336,3.0,0,0.0,0.0,0.0,unknown,unknown,0.6666666666666666,1.0,1.1,15.333333333333334,20.2,29.9,7.420634920634921,7.569047619047621,8.88952380952381,12.333333333333334,15.8,19.5,77.0,62,1.2419354838709675,1973.0,1344.0,8.808035714285714,25.623376623376625,0.5,12.875,2.0,0,1.0,11.75,1.0,1,10.0,1,-0.180310459905076,-0.4,0.7378647873726228,0.26610941592735465,0.3176190476190476,1.1039999999999999,experienced
AR Patel,1473498,2025-05-18,Delhi Capitals,Gujarat Titans,"Arun Jaitley Stadium, Delhi",Delhi,2025,35,18,0,2,11.666666666666666,3.0,0,0.0,0.0,0.0,unknown,unknown,1.3333333333333333,0.8,0.6,23.666666666666668,23.6,26.0,8.0,8.05,8.616666666666665,20.0,19.2,18.0,137.0,159,0.8616352201257862,4042.0,3303.0,7.342415985467756,29.503649635036496,0.0,0.0,0.0,0,0.8947368421052632,7.472807017543859,19.0,1,10.0,11,-0.21984501157576514,0.31999999999999995,0.8432740427115686,0.0,0.17333333333333328,0.688,veteran
SN Thakur,1473499,2025-05-19,Lucknow Super Giants,Sunrisers Hyderabad,"Bharat Ratna Shri Atal Bihari Vajpayee Ekana Cricket Stadium, Lucknow",Lucknow,2025,39,24,2,2,9.75,4.0,0,0.0,0.0,0.0,unknown,unknown,0.3333333333333333,1.0,1.5,39.333333333333336,40.8,39.7,13.111111111111107,12.166666666666666,11.708333333333332,18.0,20.4,20.4,113.0,101,1.118811881188119,3205.0,2046.0,9.39882697947214,28.36283185840708,2.0,5.0,1.0,0,1.125,9.680208333333333,16.0,1,27.0,9,0.3885994452169812,-0.25999999999999995,1.269295517643985,0.11873776730119753,0.4066666666666666,1.348,veteran
Ravi Bishnoi,1473499,2025-05-19,Lucknow Super Giants,Sunrisers Hyderabad,"Bharat Ratna Shri Atal Bihari Vajpayee Ekana Cricket Stadium, Lucknow",Lucknow,2025,26,6,0,2,26.0,1.0,0,0.0,0.0,0.0,unknown,unknown,0.3333333333333333,1.0,0.9,32.0,30.0,37.5,9.52777777777778,8.716666666666665,10.341666666666663,20.0,20.4,21.6,77.0,75,1.0266666666666666,2211.0,1627.0,8.153657037492318,28.714285714285715,0.0,0.0,0.0,0,1.125,8.645833333333334,8.0,1,22.0,10,-0.07851973215739363,-0.02000000000000004,0.8755950357709134,0.13516400605649684,0.26666666666666666,0.9919999999999998,experienced
R Parag,1473500,2025-05-20,Rajasthan Royals,Chennai Super Kings,"Arun Jaitley Stadium, Delhi",Delhi,2025,26,12,0,1,13.0,2.0,1,0.0,0.0,0.0,unknown,unknown,1.0,0.6,0.4,19.666666666666668,20.6,17.1,7.222222222222221,9.133333333333333,8.641666666666667,16.0,14.4,12.6,9.0,29,0.3103448275862069,451.0,283.0,9.56183745583039,50.11111111111112,0.5,11.25,4.0,1,0.0,8.0,1.0,0,2.0,8,0.05478247933420351,0.11999999999999997,0.5163977794943223,0.0,0.11999999999999997,0.352,intermediate
TU Deshpande,1473500,2025-05-20,Rajasthan Royals,Chennai Super Kings,"Arun Jaitley Stadium, Delhi",Delhi,2025,33,24,1,1,8.25,4.0,1,0.0,0.0,0.0,unknown,unknown,1.0,0.6,0.9,33.0,31.6,35.6,11.25,11.383333333333336,11.166666666666668,20.0,18.0,19.2,54.0,45,1.2,1550.0,941.0,9.883103081827842,28.703703703703702,1.0,9.0,2.0,0,1.0,9.833333333333332,4.0,0,2.0,9,-0.5698617321419363,-0.5400000000000001,1.1005049346146114,0.042047456506512905,0.16,0.72,intermediate
PWH de Silva,1473500,2025-05-20,Rajasthan Royals,Chennai Super Kings,"Arun Jaitley Stadium, Delhi",Delhi,2025,27,24,1,1,6.75,4.0,1,0.0,0.0,0.0,unknown,unknown,0.0,0.6,1.0,35.666666666666664,33.6,34.4,9.833333333333334,8.95,9.433333333333334,22.0,22.8,22.2,46.0,36,1.2777777777777777,1092.0,774.0,8.465116279069768,23.73913043478261,0.0,0.0,0.0,0,0.0,7.0,1.0,0,2.0,10,-0.38903881249469485,-0.4866666666666667,1.247219128924647,0.05393113623843786,0.24,0.8986666666666666,intermediate
R Ashwin,1473500,2025-05-20,Chennai Super Kings,Rajasthan Royals,"Arun Jaitley Stadium, Delhi",Delhi,2025,41,24,2,2,10.25,4.0,0,0.0,0.0,0.0,unknown,unknown,0.0,0.4,0.7,24.666666666666668,28.6,30.4,7.527777777777779,8.316666666666666,8.733333333333333,20.0,20.4,21.0,203.0,217,0.935483870967742,5611.0,4686.0,7.18437900128041,27.64039408866995,0.0,0.0,0.0,0,0.6842105263157895,7.325335397316822,19.0,0,13.0,8,-0.2623489669932584,-0.3,0.8232726023485639,0.033290732219467455,0.2,0.6839999999999999,veteran
KV Sharma,1473501,2025-05-21,Mumbai Indians,Delhi Capitals,"Wankhede Stadium, Mumbai",Mumbai,2025,31,18,1,2,10.333333333333334,3.0,0,0.0,0.0,0.0,unknown,unknown,1.0,1.4,1.0,20.33333333333333,23.2,26.5,8.25,8.65,10.541666666666668,16.0,16.8,15.6,88.0,86,1.0232558139534884,2184.0,1567.0,8.362476068921506,24.818181818181817,0.0,9.5,2.0,0,0.8333333333333334,10.62173202614379,6.0,1,15.0,4,0.1010897841905044,0.23999999999999994,1.2472191289246477,0.0,0.3466666666666667,1.1280000000000001,experienced
K Rabada,1473502,2025-05-22,Gujarat Titans,Lucknow Super Giants,"Narendra Modi Stadium, Ahmedabad",Ahmedabad,2025,45,24,0,1,11.25,4.0,1,0.0,0.0,0.0,unknown,unknown,0.6666666666666666,0.6,0.7,39.0,32.8,34.8,12.583333333333334,10.3,10.183333333333334,20.0,20.4,21.6,128.0,84,1.5238095238095235,2696.0,1887.0,8.572337042925277,21.0625,0.0,0.0,0.0,0,1.6,8.996532091097308,10.0,1,4.0,3,-0.9890628483737505,-0.3866666666666667,0.6749485577105512,0.1817610991876058,0.13999999999999999,0.6186666666666667,experienced
Kuldeep Yadav,1485779,2025-05-24,Delhi Capitals,Punjab Kings,"Sawai Mansingh Stadium, Jaipur",Jaipur,2025,39,24,2,1,9.75,4.0,1,0.0,0.0,0.0,unknown,unknown,0.3333333333333333,0.2,0.7,29.33333333333333,28.6,27.9,9.75,9.05,7.925,20.0,20.4,22.2,104.0,95,1.0947368421052632,2739.0,2040.0,8.055882352941175,26.33653846153846,1.2,9.483333333333334,5.0,1,1.2857142857142858,8.196428571428571,14.0,0,3.0,13,-0.7898883507872386,-0.8866666666666667,0.8232726023485638,0.06804829209617017,0.08,0.3666666666666666,experienced
MM Sharma,1485779,2025-05-24,Delhi Capitals,Punjab Kings,"Sawai Mansingh Stadium, Jaipur",Jaipur,2025,47,24,0,1,11.75,4.0,1,0.0,0.0,0.0,unknown,unknown,0.0,0.2,0.5,35.333333333333336,28.6,31.4,12.27777777777778,10.166666666666668,11.391666666666667,18.0,16.8,17.4,149.0,118,1.2627118644067796,3466.0,2379.0,8.741488020176545,23.261744966442954,0.0,0.0,0.0,0,1.7692307692307692,9.0506993006993,13.0,0,35.0,7,-0.7229193368959748,-0.3666666666666667,0.9718253158075488,0.0,0.19333333333333325,0.4746666666666666,veteran
Mustafizur Rahman,1485779,2025-05-24,Delhi Capitals,Punjab Kings,"Sawai Mansingh Stadium, Jaipur",Jaipur,2025,33,24,3,1,8.25,4.0,1,0.0,0.0,0.0,unknown,unknown,0.3333333333333333,0.8,1.1,25.33333333333333,29.2,34.3,7.0,8.455462184873948,9.152731092436976,22.0,20.8,22.4,71.0,59,1.2033898305084745,1816.0,1340.0,8.13134328358209,25.5774647887324,2.0,5.5,1.0,0,2.25,5.834415584415584,4.0,0,3.0,2,-0.18494403880696902,-0.47333333333333333,0.7378647873726216,0.2080734720950312,0.3000840336134453,1.0133333333333332,experienced
Mukesh Kumar,1485779,2025-05-24,Delhi Capitals,Punjab Kings,"Sawai Mansingh Stadium, Jaipur",Jaipur,2025,49,24,1,1,12.25,4.0,1,0.0,0.0,0.0,unknown,unknown,1.0,1.8,1.2,38.66666666666666,37.8,33.7,11.69047619047619,10.664285714285716,9.932142857142855,19.0,21.0,20.1,44.0,31,1.4193548387096775,1053.0,612.0,10.323529411764708,23.931818181818183,0.0,0.0,0.0,0,0.6666666666666666,14.083333333333334,3.0,0,3.0,11,0.0595426429130545,0.32,1.2292725943057183,0.10642442737378874,0.3809523809523809,1.5,intermediate
DJ Hooda,1473504,2025-05-25,Chennai Super Kings,Gujarat Titans,"Narendra Modi Stadium, Ahmedabad",Ahmedabad,2025,15,6,0,2,15.0,1.0,0,0.0,0.0,0.0,unknown,unknown,0.0,0.2,0.3,10.0,14.6,16.9,7.833333333333333,9.166666666666668,9.783333333333331,8.0,9.6,10.8,10.0,33,0.303030303030303,531.0,373.0,8.541554959785524,53.1,0.0,9.0,1.0,0,0.0,7.444444444444444,3.0,0,90.0,0,-0.08325437354636463,-0.12000000000000002,0.4830458915396479,0.0,0.0866666666666666,0.23599999999999993,intermediate
Harshit Rana,1473505,2025-05-25,Kolkata Knight Riders,Sunrisers Hyderabad,"Arun Jaitley Stadium, Delhi",Delhi,2025,40,18,0,1,13.333333333333334,3.0,1,0.0,0.0,0.0,unknown,unknown,1.3333333333333333,1.0,1.3,44.333333333333336,41.0,34.0,11.083333333333334,11.6,10.208333333333332,24.0,21.6,20.4,42.0,31,1.3548387096774193,989.0,631.0,9.404120443740096,23.547619047619047,1.0,8.0,1.0,0,1.6,6.55,5.0,0,18.0,12,0.007386572970555205,-0.14666666666666675,1.0593499054713802,0.17305616252935366,0.3833333333333333,1.2306666666666666,intermediate
JD Unadkat,1473505,2025-05-25,Sunrisers Hyderabad,Kolkata Knight Riders,"Arun Jaitley Stadium, Delhi",Delhi,2025,24,24,4,2,6.0,4.0,0,0.0,0.0,0.0,unknown,unknown,1.6666666666666667,1.6,0.8,29.666666666666668,27.0,20.7,7.416666666666667,7.599019607843137,8.099509803921569,24.0,21.4,15.5,117.0,111,1.054054054054054,3340.0,2250.0,8.906666666666666,28.54700854700855,1.3333333333333333,6.666666666666667,3.0,1,1.3636363636363635,8.636363636363637,11.0,0,2.0,6,-0.0457439600747497,0.58,1.032795558988645,0.0,0.2996078431372548,1.1640000000000001,veteran
VG Arora,1473505,2025-05-25,Kolkata Knight Riders,Sunrisers Hyderabad,"Arun Jaitley Stadium, Delhi",Delhi,2025,39,24,1,1,9.75,4.0,1,0.0,0.0,0.0,unknown,unknown,2.0,1.8,1.7,39.0,39.0,34.9,12.666666666666666,11.5,9.989999999999998,18.0,20.4,21.3,38.0,31,1.2258064516129032,977.0,614.0,9.547231270358306,25.71052631578948,0.0,0.0,0.0,0,1.4,8.709420289855071,5.0,0,18.0,11,0.3231255186538834,0.16000000000000003,0.9486832980505135,0.38098711746266445,0.458,1.532,intermediate
RA Jadeja,1473504,2025-05-25,Chennai Super Kings,Gujarat Titans,"Narendra Modi Stadium, Ahmedabad",Ahmedabad,2025,17,18,2,2,5.666666666666666,3.0,0,0.0,0.0,0.0,unknown,unknown,0.3333333333333333,0.6,0.7,29.0,28.2,23.9,10.22222222222222,9.466666666666663,13.416666666666666,18.0,18.8,16.1,177.0,224,0.7901785714285714,5171.0,4038.0,7.683506686478454,29.214689265536723,1.0,5.25,1.0,0,0.4347826086956521,7.710726187708285,23.0,0,5.0,13,0.0462944053464365,0.1,0.6749485577105516,0.06335878181110852,0.2612121212121211,0.792,veteran
M Pathirana,1473504,2025-05-25,Chennai Super Kings,Gujarat Titans,"Narendra Modi Stadium, Ahmedabad",Ahmedabad,2025,29,18,1,2,9.666666666666668,3.0,0,0.0,0.0,0.0,unknown,unknown,1.0,1.0,1.2,32.333333333333336,33.8,35.9,9.634615384615383,9.830769230769231,10.855384615384612,20.33333333333333,20.6,20.9,52.0,31,1.6774193548387095,987.0,684.0,8.657894736842104,18.98076923076923,3.0,7.289473684210526,2.0,0,2.0,7.0,2.0,0,5.0,11,-0.6189193754377291,-0.21999999999999997,1.3165611772087666,0.17499167135386653,0.27999999999999997,1.22,intermediate
Abhishek Sharma,1473505,2025-05-25,Sunrisers Hyderabad,Kolkata Knight Riders,"Arun Jaitley Stadium, Delhi",Delhi,2025,25,12,0,2,12.5,2.0,0,0.0,0.0,0.0,unknown,unknown,0.0,0.0,0.2,16.666666666666668,17.4,16.6,10.666666666666666,10.1,9.283333333333331,10.0,10.8,11.4,11.0,31,0.3548387096774194,476.0,324.0,8.814814814814815,43.27272727272727,0.0,0.0,0.0,0,0.0,10.0,1.0,0,20.0,5,-0.06021605428724449,-0.013333333333333364,0.6324555320336759,0.0,0.08,0.2853333333333333,intermediate
SP Narine,1473505,2025-05-25,Kolkata Knight Riders,Sunrisers Hyderabad,"Arun Jaitley Stadium, Delhi",Delhi,2025,42,24,2,1,10.5,4.0,1,0.0,0.0,0.0,unknown,unknown,1.0,0.6,0.9,28.0,31.0,28.2,7.0,7.75,7.75,24.0,24.0,22.2,210.0,186,1.1290322580645162,4891.0,4327.0,6.782066096602728,23.29047619047619,0.5,5.0,2.0,0,0.6538461538461539,6.6923076923076925,26.0,0,18.0,11,-0.05479638387439641,0.04666666666666665,1.286683937707919,0.019194740725135738,0.29666666666666663,1.0613333333333332,veteran
CV Varun,1473505,2025-05-25,Kolkata Knight Riders,Sunrisers Hyderabad,"Arun Jaitley Stadium, Delhi",Delhi,2025,54,18,0,1,18.0,3.0,1,0.0,0.0,0.0,unknown,unknown,2.0,1.4,1.4,29.666666666666668,32.2,26.9,7.416666666666667,8.05,6.825,24.0,24.0,23.4,102.0,82,1.2439024390243902,2331.0,1870.0,7.479144385026738,22.852941176470587,2.0,4.375,2.0,0,1.1666666666666667,8.041666666666666,12.0,0,18.0,12,0.09267821367492038,0.08000000000000004,1.07496769977314,0.19477996126049743,0.32999999999999996,1.36,experienced
HV Patel,1473505,2025-05-25,Sunrisers Hyderabad,Kolkata Knight Riders,"Arun Jaitley Stadium, Delhi",Delhi,2025,21,12,0,2,10.5,2.0,0,0.0,0.0,0.0,unknown,unknown,1.0,1.4,1.4,41.333333333333336,38.6,34.7,10.474637681159422,10.418115942028985,9.634057971014492,23.666666666666668,22.6,21.5,168.0,115,1.4608695652173913,3558.0,2412.0,8.850746268656717,21.178571428571427,0.0,6.5,1.0,0,1.0833333333333333,9.354166666666666,12.0,0,2.0,12,0.08909816664150315,-0.2933333333333333,1.5055453054181624,0.05926602896810403,0.40043478260869564,1.4133333333333333,veteran
AD Russell,1473505,2025-05-25,Kolkata Knight Riders,Sunrisers Hyderabad,"Arun Jaitley Stadium, Delhi",Delhi,2025,34,12,0,1,17.0,2.0,1,0.0,0.0,0.0,unknown,unknown,0.3333333333333333,0.6,1.2,18.33333333333333,19.0,21.7,10.083333333333334,10.45,11.08029411764706,11.333333333333334,11.6,12.1,133.0,120,1.1083333333333334,2829.0,1794.0,9.461538461538462,21.270676691729324,1.5,7.666666666666666,2.0,0,1.4210526315789471,9.645816464237516,19.0,0,18.0,8,0.037877098148525155,-0.6333333333333334,0.9189365834726811,0.45416047700889817,0.6418039215686274,1.0813333333333333,veteran
A Nortje,1473505,2025-05-25,Kolkata Knight Riders,Sunrisers Hyderabad,"Arun Jaitley Stadium, Delhi",Delhi,2025,60,24,0,1,15.0,4.0,1,0.0,0.0,0.0,unknown,unknown,0.6666666666666666,1.4,1.3,34.0,45.2,43.5,11.333333333333334,13.0,11.725,18.0,20.4,22.2,63.0,47,1.3404255319148937,1597.0,1072.0,8.938432835820896,25.349206349206348,0.0,0.0,0.0,0,0.75,8.697916666666666,8.0,0,40.0,1,-0.0004527668092843204,-0.053333333333333344,1.0593499054713802,0.14702144013442559,0.35,1.3053333333333335,intermediate
PJ Cummins,1473505,2025-05-25,Sunrisers Hyderabad,Kolkata Knight Riders,"Arun Jaitley Stadium, Delhi",Delhi,2025,25,12,0,2,12.5,2.0,0,0.0,0.0,0.0,unknown,unknown,2.0,1.8,1.4,27.0,28.4,30.9,6.75,7.1,8.042424242424243,24.0,24.0,23.2,82.0,71,1.1549295774647887,2348.0,1605.0,8.777570093457944,28.634146341463413,0.3333333333333333,10.880434782608695,3.0,1,0.75,7.125,4.0,0,2.0,13,0.3069042827667484,0.43999999999999995,1.264911064067352,0.04091352576842566,0.3609090909090909,1.464,experienced
Noor Ahmad,1473504,2025-05-25,Chennai Super Kings,Gujarat Titans,"Narendra Modi Stadium, Ahmedabad",Ahmedabad,2025,21,24,3,2,5.25,4.0,0,0.0,0.0,0.0,unknown,unknown,2.0,1.8,1.2,33.0,36.0,30.5,9.416666666666666,9.7,9.041666666666668,22.0,22.8,20.4,45.0,36,1.25,1046.0,768.0,8.171875,23.244444444444444,0.0,9.5,1.0,0,0.5,10.176470588235292,2.0,0,5.0,13,-0.050586325439266576,0.08,1.1352924243950937,0.11716175762549068,0.3166666666666667,1.3119999999999998,intermediate
KK Ahmed,1473504,2025-05-25,Chennai Super Kings,Gujarat Titans,"Narendra Modi Stadium, Ahmedabad",Ahmedabad,2025,17,18,1,2,5.666666666666666,3.0,0,0.0,0.0,0.0,unknown,unknown,0.0,0.6,0.8,38.0,32.6,33.5,13.444444444444445,10.993939393939396,10.73030303030303,16.0,17.6,19.0,93.0,70,1.3285714285714283,2311.0,1538.0,9.01560468140442,24.8494623655914,0.75,9.519736842105264,4.0,1,1.5,12.25,2.0,0,5.0,13,-0.6421784309263792,-0.5333333333333333,0.9189365834726816,0.13028413261730099,0.20393939393939386,0.7893333333333333,experienced
DL Chahar,1473506,2025-05-26,Mumbai Indians,Punjab Kings,"Sawai Mansingh Stadium, Jaipur",Jaipur,2025,28,18,0,2,9.333333333333334,3.0,0,0.0,0.0,0.0,unknown,unknown,1.0,1.0,0.7,22.33333333333333,23.4,27.2,8.166666666666666,8.033333333333335,9.391666666666666,16.0,18.0,18.0,91.0,94,0.9680851063829788,2569.0,1897.0,8.125461254612546,28.23076923076923,0.0,0.0,0.0,0,0.7692307692307693,7.578609986504722,13.0,0,5.0,13,-0.08960581820508409,0.09333333333333325,0.6749485577105522,0.026224871655913317,0.2666666666666666,0.8986666666666666,experienced
M Jansen,1473506,2025-05-26,Punjab Kings,Mumbai Indians,"Sawai Mansingh Stadium, Jaipur",Jaipur,2025,34,24,2,1,8.5,4.0,1,0.0,0.0,0.0,unknown,unknown,1.3333333333333333,1.2,1.1,37.66666666666666,29.8,28.3,10.555555555555555,9.033333333333337,9.203508771929824,22.0,19.2,18.7,36.0,34,1.0588235294117647,1115.0,709.0,9.435825105782794,30.97222222222222,0.0,15.75,1.0,0,0.0,0.0,0.0,0,2.0,13,0.08341246909320912,0.04666666666666662,1.100504934614612,0.0,0.3291228070175439,1.0733333333333333,intermediate
Shahbaz Ahmed,1473507,2025-05-27,Lucknow Super Giants,Royal Challengers Bengaluru,"Bharat Ratna Shri Atal Bihari Vajpayee Ekana Cricket Stadium, Lucknow",Lucknow,2025,39,18,0,2,13.0,3.0,0,0.0,0.0,0.0,unknown,unknown,0.6666666666666666,1.0,0.5,28.33333333333333,24.2,19.9,11.238888888888887,10.493333333333334,9.463333333333331,16.0,15.6,13.8,22.0,44,0.5,900.0,570.0,9.473684210526317,40.90909090909091,0.0,0.0,0.0,0,1.0,6.25,3.0,1,5.0,2,0.15976460578559273,0.5266666666666666,0.9718253158075504,0.0,0.17799999999999994,0.6933333333333332,intermediate
Avesh Khan,1473507,2025-05-27,Lucknow Super Giants,Royal Challengers Bengaluru,"Bharat Ratna Shri Atal Bihari Vajpayee Ekana Cricket Stadium, Lucknow",Lucknow,2025,32,18,1,2,10.666666666666666,3.0,0,0.0,0.0,0.0,unknown,unknown,0.6666666666666666,0.8,1.1,44.333333333333336,38.8,38.0,11.962560386473427,10.544202898550726,10.036387163561075,21.666666666666668,21.4,22.4,93.0,75,1.24,2429.0,1601.0,9.103060587133042,26.118279569892472,0.0,0.0,0.0,0,2.125,9.958333333333334,8.0,1,5.0,12,-0.12674301756898715,-0.18,0.994428926011753,0.06939716505798495,0.28515527950310554,1.072,experienced
Harpreet Brar,1473508,2025-05-29,Punjab Kings,Royal Challengers Bengaluru,"Maharaja Yadavindra Singh International Cricket Stadium, Mullanpur",New Chandigarh,2025,18,12,0,2,9.0,2.0,0,0.0,0.0,0.0,unknown,unknown,2.0,1.6,1.3,33.0,29.4,25.4,8.25,8.4,9.975,24.0,21.6,17.4,35.0,45,0.7777777777777778,1067.0,799.0,8.012515644555695,30.485714285714284,0.0,0.0,0.0,0,0.75,8.240131578947368,4.0,0,3.0,6,0.6263811766477676,0.7066666666666667,0.9486832980505138,0.08191613021206993,0.47000000000000003,1.4333333333333331,intermediate
M Prasidh Krishna,1473509,2025-05-30,Gujarat Titans,Mumbai Indians,"Maharaja Yadavindra Singh International Cricket Stadium, New Chandigarh",New Chandigarh,2025,53,24,2,1,13.25,4.0,1,0.0,0.0,0.0,unknown,unknown,1.0,1.4,1.9,35.333333333333336,32.4,32.5,8.833333333333334,8.1,8.125,24.0,24.0,24.0,78.0,65,1.2,2148.0,1481.0,8.702228224172856,27.53846153846154,1.5,8.375,2.0,0,2.0,8.041666666666666,6.0,0,5.0,14,0.519950412564109,-0.5599999999999998,1.100504934614612,0.47480121834621525,0.43,1.6079999999999999,experienced
Mohammed Siraj,1473509,2025-05-30,Gujarat Titans,Mumbai Indians,"Maharaja Yadavindra Singh International Cricket Stadium, New Chandigarh",New Chandigarh,2025,37,24,1,1,9.25,4.0,1,0.0,0.0,0.0,unknown,unknown,0.0,0.6,0.6,40.333333333333336,36.6,36.6,10.083333333333334,9.633333333333333,9.991666666666667,24.0,22.8,22.2,111.0,107,1.0373831775700937,3312.0,2276.0,8.731107205623902,29.83783783783784,0.0,6.0,1.0,0,1.1666666666666667,7.284722222222222,12.0,0,5.0,14,-0.2953929406779882,-0.49333333333333335,0.6992058987801008,0.03791815258731058,0.2033333333333333,0.7933333333333333,veteran
Rashid Khan,1473509,2025-05-30,Gujarat Titans,Mumbai Indians,"Maharaja Yadavindra Singh International Cricket Stadium, New Chandigarh",New Chandigarh,2025,31,24,0,1,7.75,4.0,1,0.0,0.0,0.0,unknown,unknown,0.3333333333333333,0.4,0.8,36.66666666666666,36.2,34.0,12.166666666666666,11.683333333333334,9.816666666666666,20.0,20.4,22.2,166.0,135,1.2296296296296296,3750.0,3178.0,7.079924480805538,22.59036144578313,2.0,9.75,1.0,0,0.4,8.25,5.0,0,5.0,14,-0.6006965627835364,-0.18666666666666662,0.7888106377466155,0.00279734056334612,0.16,0.6026666666666667,veteran
Washington Sundar,1473509,2025-05-30,Gujarat Titans,Mumbai Indians,"Maharaja Yadavindra Singh International Cricket Stadium, New Chandigarh",New Chandigarh,2025,7,6,0,1,7.0,1.0,1,0.0,0.0,0.0,unknown,unknown,0.3333333333333333,0.6,0.6,25.33333333333333,30.0,27.4,12.181818181818182,13.309090909090909,10.679545454545451,11.666666666666666,14.2,16.5,41.0,62,0.6612903225806451,1429.0,1113.0,7.703504043126685,34.853658536585364,0.5,7.916666666666666,4.0,1,0.5714285714285714,7.452380952380953,7.0,0,28.0,4,0.16657306034933486,0.24,0.9660917830792958,0.0,0.2699999999999999,0.764,experienced
R Sai Kishore,1473509,2025-05-30,Gujarat Titans,Mumbai Indians,"Maharaja Yadavindra Singh International Cricket Stadium, New Chandigarh",New Chandigarh,2025,42,24,2,1,10.5,4.0,1,0.0,0.0,0.0,unknown,unknown,1.0,1.0,0.9,34.666666666666664,27.8,23.8,11.527777777777777,8.916666666666666,10.782142857142857,18.0,16.4,13.5,30.0,24,1.25,609.0,417.0,8.762589928057555,20.3,0.5,6.375,2.0,0,2.0,6.0,1.0,0,5.0,14,-0.50386222473179,-0.1933333333333334,0.7378647873726214,0.18219994307442286,0.27666666666666656,0.8733333333333334,intermediate
HH Pandya,1473510,2025-06-01,Mumbai Indians,Punjab Kings,"Narendra Modi Stadium, Ahmedabad",Ahmedabad,2025,19,12,1,2,9.5,2.0,0,0.0,0.0,0.0,unknown,unknown,0.0,0.2,0.5,28.0,19.2,24.8,14.944444444444445,11.366666666666667,10.591666666666669,12.0,9.6,13.8,83.0,106,0.7830188679245284,2473.0,1616.0,9.181930693069306,29.795180722891565,0.9230769230769232,9.826923076923077,13.0,1,0.9166666666666666,9.26388888888889,12.0,0,2.0,13,-0.39626375856470786,-0.6866666666666668,0.7071067811865475,0.0,0.2333333333333333,0.49066666666666664,veteran
JJ Bumrah,1473510,2025-06-01,Mumbai Indians,Punjab Kings,"Narendra Modi Stadium, Ahmedabad",Ahmedabad,2025,40,24,0,2,10.0,4.0,0,0.0,0.0,0.0,unknown,unknown,1.6666666666666667,1.8,2.1,20.666666666666668,19.2,24.7,5.366666666666667,4.92,6.234999999999999,22.666666666666668,23.2,23.6,203.0,144,1.4097222222222223,4019.0,3335.0,7.230584707646177,19.79802955665025,2.5,8.375,2.0,0,1.25,7.088988095238095,16.0,0,2.0,11,0.7515884176589901,0.11999999999999997,1.1972189997378648,0.36911839938287583,0.558,2.164,veteran
TA Boult,1473510,2025-06-01,Mumbai Indians,Punjab Kings,"Narendra Modi Stadium, Ahmedabad",Ahmedabad,2025,38,24,2,2,9.5,4.0,0,0.0,0.0,0.0,unknown,unknown,1.0,1.6,1.6,40.333333333333336,34.2,31.0,10.51190476190476,9.991758241758244,8.99587912087912,23.0,21.2,21.4,149.0,118,1.2627118644067796,3724.0,2663.0,8.390536988358994,24.993288590604028,0.0,10.75,2.0,0,1.3846153846153846,8.206699098003446,13.0,0,2.0,15,0.8561826775488945,0.36,1.4298407059684812,0.1590983288215924,0.6569230769230769,1.964,veteran
MP Stoinis,1473510,2025-06-01,Punjab Kings,Mumbai Indians,"Narendra Modi Stadium, Ahmedabad",Ahmedabad,2025,14,6,1,1,14.0,1.0,1,0.0,0.0,0.0,unknown,unknown,0.0,0.0,0.1,17.0,13.4,20.9,14.666666666666664,12.6,11.883333333333333,7.0,6.2,10.9,45.0,71,0.6338028169014085,1435.0,882.0,9.761904761904765,31.88888888888889,0.0,14.0,2.0,0,0.5,8.615079365079366,6.0,0,8.0,8,-0.6524480739458317,-0.28,0.3162277660168396,0.0,0.0,0.05600000000000001,experienced
MJ Santner,1473510,2025-06-01,Mumbai Indians,Punjab Kings,"Narendra Modi Stadium, Ahmedabad",Ahmedabad,2025,15,12,0,2,7.5,2.0,0,0.0,0.0,0.0,unknown,unknown,2.0,1.4,1.0,20.666666666666668,19.0,24.9,7.666666666666667,6.4833333333333325,7.7766666666666655,18.0,19.2,19.4,26.0,30,0.8666666666666667,720.0,591.0,7.309644670050762,27.692307692307693,0.625,6.564583333333333,8.0,1,0.5,10.0,2.0,0,2.0,12,0.18797285728320207,0.5066666666666666,1.0540925533894596,0.0,0.2966666666666666,1.0853333333333333,intermediate
JR Hazlewood,1473511,2025-06-03,Royal Challengers Bengaluru,Punjab Kings,"Narendra Modi Stadium, Ahmedabad",Ahmedabad,2025,54,24,1,2,13.5,4.0,0,0.0,0.0,0.0,unknown,unknown,3.0,2.4,1.9,30.0,28.6,31.0,7.960526315789473,7.659649122807018,8.60156369183829,22.33333333333333,21.8,21.6,57.0,38,1.5,1142.0,843.0,8.128113879003559,20.035087719298247,2.0,10.0,1.0,0,1.5,8.166666666666668,2.0,0,5.0,11,0.28258056375703433,0.38,1.3703203194062976,0.208339738745347,0.5016628527841342,1.8399999999999999,intermediate
YS Chahal,1473511,2025-06-03,Punjab Kings,Royal Challengers Bengaluru,"Narendra Modi Stadium, Ahmedabad",Ahmedabad,2025,37,24,1,1,9.25,4.0,1,0.0,0.0,0.0,unknown,unknown,0.6666666666666666,1.4,1.4,39.66666666666666,37.4,32.3,9.916666666666666,9.883333333333336,9.375,24.0,22.8,20.4,228.0,171,1.3333333333333333,4995.0,3767.0,7.955933103265198,21.907894736842103,1.0,11.5,1.0,0,1.3333333333333333,7.916666666666667,21.0,0,2.0,12,0.5427195740288108,0.5000000000000002,1.505545305418162,0.0,0.55,1.7239999999999998,veteran
Yash Dayal,1473511,2025-06-03,Royal Challengers Bengaluru,Punjab Kings,"Narendra Modi Stadium, Ahmedabad",Ahmedabad,2025,18,18,1,2,6.0,3.0,0,0.0,0.0,0.0,unknown,unknown,0.6666666666666666,0.8,0.8,35.333333333333336,37.8,34.3,11.055555555555555,10.783333333333337,10.496348940914158,20.0,21.6,19.8,44.0,42,1.0476190476190477,1372.0,853.0,9.650644783118404,31.181818181818183,0.3333333333333333,7.916666666666667,3.0,1,0.75,8.125,4.0,0,5.0,14,-0.2555759473731232,-0.08000000000000004,0.7888106377466151,0.08179338931894845,0.22666666666666666,0.8160000000000001,intermediate
KH Pandya,1473511,2025-06-03,Royal Challengers Bengaluru,Punjab Kings,"Narendra Modi Stadium, Ahmedabad",Ahmedabad,2025,17,24,2,2,4.25,4.0,0,0.0,0.0,0.0,unknown,unknown,0.3333333333333333,0.6,0.8,20.666666666666668,22.8,22.8,8.833333333333334,8.3,8.225,14.0,16.8,17.4,95.0,131,0.7251908396946565,2968.0,2374.0,7.501263689974726,31.242105263157896,0.5,7.166666666666666,2.0,0,0.8461538461538461,7.898785425101215,13.0,0,5.0,14,0.3481894712884103,-0.12000000000000002,0.7888106377466151,0.00279734056334624,0.28333333333333327,1.048,veteran
Arshdeep Singh,1473511,2025-06-03,Punjab Kings,Royal Challengers Bengaluru,"Narendra Modi Stadium, Ahmedabad",Ahmedabad,2025,40,24,3,1,10.0,4.0,1,0.0,0.0,0.0,unknown,unknown,0.6666666666666666,0.4,1.1,30.666666666666668,37.4,28.8,9.333333333333332,10.35,8.325,20.0,21.6,20.6,103.0,80,1.2875,2530.0,1690.0,8.98224852071006,24.563106796116504,0.0,0.0,0.0,0,1.6,7.612121212121212,10.0,0,2.0,15,-0.1904891937953231,-0.26666666666666666,1.1005049346146116,0.1213627401422819,0.30533333333333335,1.0426666666666666,experienced
B Kumar,1473511,2025-06-03,Royal Challengers Bengaluru,Punjab Kings,"Narendra Modi Stadium, Ahmedabad",Ahmedabad,2025,38,24,2,2,9.5,4.0,0,0.0,0.0,0.0,unknown,unknown,1.0,1.4,1.3,35.333333333333336,38.8,35.4,10.25,10.55,9.491666666666667,20.0,21.6,22.2,211.0,189,1.1164021164021165,5374.0,4198.0,7.680800381133874,25.46919431279621,0.0,0.0,0.0,0,2.0,4.375,2.0,0,5.0,13,0.2812651307923624,0.03333333333333334,1.159501808728406,0.10807553174738001,0.37333333333333335,1.3466666666666667,veteran
Suyash Sharma,1473511,2025-06-03,Royal Challengers Bengaluru,Punjab Kings,"Narendra Modi Stadium, Ahmedabad",Ahmedabad,2025,19,12,0,2,9.5,2.0,0,0.0,0.0,0.0,unknown,unknown,1.3333333333333333,0.8,0.8,33.666666666666664,33.2,31.2,11.22222222222222,9.983333333333333,8.85,18.0,20.4,21.6,20.0,26,0.7692307692307693,795.0,546.0,8.736263736263735,39.75,2.0,6.75,1.0,0,0.0,10.0,2.0,0,5.0,13,-0.11609780074997467,0.04,1.229272594305718,0.0,0.16999999999999996,0.592,intermediate
